mapId,rightMapId,bottomMapId,leftMapId,topMapId
0,88080663,88212246,88212759,88212248
3333,0,0,68551682,68551169
133132,0,221512192,0,0
133644,0,221511680,0,0
135179,0,73404427,73403914,0
135686,0,0,73403397,0
135687,0,0,73403398,0
135688,0,0,73403399,0
136192,0,0,73403137,0
136197,0,73403397,0,0
136449,0,0,73403138,0
136450,0,0,73403139,0
138252,0,63177216,0,0
139784,0,0,0,73531910
157205,0,0,0,63965696
158215,0,0,78644738,0
158216,0,0,78644739,0
159236,0,78644224,0,0
159748,0,78643712,0,0
159753,0,0,0,78643715
159756,63963912,0,0,0
159765,0,0,0,63963136
160513,159744,0,0,0
160773,78643200,0,0,0
160774,78643201,0,0,0
160775,78643202,0,0,0
160776,78643203,0,0,0
161542,161029,0,162055,0
22547203,0,0,22545667,0
23330816,0,159769,0,23331073
23331073,0,23330816,0,0
25690112,0,24117761,0,0
25690115,0,0,24118793,0
25692160,0,24118785,0,0
26738688,0,162056,0,0
28049666,0,28049408,0,0
28049920,0,24118282,0,0
28049921,0,0,28181505,0
28050944,28051456,0,28050432,0
28050946,28051458,0,0,0
28181505,28049921,0,0,0
40894464,40895488,0,0,73402891
40895488,0,0,40894464,40895746
40895746,0,40895488,0,0
54159142,0,0,54159655,0
54159655,54159142,0,54160168,0
54160168,54159655,0,54160680,54160169
54167883,111149062,0,0,0
54169416,0,0,54169416,0
54170450,0,57671680,57671680,0
54171473,57671680,0,0,0
54173990,0,0,54175012,0
54175012,54173990,0,0,0
54175016,0,0,54530067,0
54175529,0,54530067,0,0
54530067,54175016,0,0,54175529
57148161,0,57149697,57279745,0
57149697,0,0,0,57148161
57279745,57148161,0,0,0
57671680,54170450,0,54171473,54170450
60038146,194905088,194772994,0,0
62652928,0,0,54169416,0
62653952,54168392,0,0,0
62920706,0,0,62920704,0
63177216,0,0,0,138252
63963136,0,159765,0,0
63963912,0,0,159756,0
63965696,0,157205,0,0
68421129,0,88085268,88084757,0
68422145,0,0,0,68423168
68423168,0,68422145,68422145,0
68551169,0,3333,0,0
68551682,3333,0,0,0
68552449,0,0,190579205,0
68552704,0,0,0,68552449
69994496,69995520,0,0,0
69995520,69996544,0,69994496,0
70778880,190710278,185863682,185863169,0
72619009,0,0,0,88211975
72619521,88080904,0,0,88080391
73402891,0,40894464,0,0
73403137,136192,0,0,0
73403138,136449,0,0,0
73403397,135686,0,0,136197
73403398,135687,0,0,0
73403399,135688,0,0,0
73403912,135177,0,0,135688
73403913,135178,0,0,0
73403914,135179,0,0,0
73404427,0,0,0,135179
73404430,221643778,0,0,0
73404431,221643779,0,0,0
73404432,221643780,0,0,0
73404941,0,221643778,0,0
73405452,221511680,0,0,0
73405453,0,221643266,0,0
73531910,0,139784,0,0
73533699,0,0,0,75497472
73534211,0,0,0,75629056
73534722,0,0,171706890,0
74973185,74974723,74974727,74974725,74974721
74974721,0,74973185,0,0
74974723,0,0,74973185,0
74974725,74973185,0,0,0
74974727,0,0,0,74973185
74977793,0,74977795,0,0
74977795,0,74977797,0,74977793
74977797,0,0,0,74977795
75497472,0,73533699,0,0
75498762,0,0,0,164365334
75499008,0,73532163,0,0
75499520,0,73400579,0,0
75500032,0,73401091,0,0
75500294,147849222,0,0,0
75500544,0,73401603,0,0
75500804,147849736,0,0,0
75500805,0,0,0,147849222
75501056,0,73402115,0,0
75501315,0,0,0,147849736
75501568,73403140,0,0,0
75501826,0,0,0,147850249
75629056,0,73534211,0,0
76286985,0,76286986,0,0
76286986,0,0,0,76286985
76289036,0,0,76288522,0
76289281,0,0,0,76288257
78643200,0,0,160773,160260
78643201,0,0,160774,0
78643202,0,0,160775,0
78643203,0,160265,160776,0
78643712,0,0,0,159748
78643715,0,159753,0,0
78644224,0,0,0,159236
78644736,158213,0,0,158724
78644737,158214,0,0,0
78644738,158215,0,0,0
78644739,158216,0,0,0
82315264,88086791,0,0,0
84410626,0,0,0,221511686
84410880,0,0,0,221511688
84411392,0,0,0,221512200
84412416,88212481,0,0,88212992
84542210,0,0,0,221643270
84805377,189530118,189661703,0,0
84805378,189530117,0,0,0
84805379,189530116,0,0,0
84805380,189530115,0,0,0
84805381,189530114,0,0,0
84805382,189530113,0,0,126092288
84805632,189661703,0,0,0
84805633,189661704,0,0,0
84805634,189661705,165156880,0,0
84805894,0,0,0,126091776
84806146,0,165156368,0,0
84806406,0,0,0,126091264
84806656,0,0,165155341,0
84806657,0,0,165155342,0
84806658,0,165155856,165155343,0
84806913,0,0,165155340,0
84806914,0,0,165155339,0
84806915,0,0,165155338,0
84806916,0,0,165155337,0
84806917,0,0,165155336,0
84806918,0,0,165155335,165155846
85721601,0,75500290,0,0
85721603,0,85721601,0,0
85722625,0,85721601,0,0
85723651,0,85722627,0,0
88080391,0,72619521,0,0
88080647,0,0,221512707,0
88080648,0,0,221512706,0
88080666,0,0,0,185863685
88080904,0,0,72619521,0
88081690,68552196,0,0,0
88083734,68420104,0,0,68419591
88085510,95424516,0,0,0
88086791,0,0,82315264,0
88211975,0,72619009,0,0
88212233,0,221512706,0,0
88212250,0,0,0,185863173
88212481,0,0,84412416,0
88212745,0,221512194,0,0
88212762,0,0,0,185862661
88212992,0,84412416,221512712,0
88213770,0,0,221512192,0
90702848,0,0,0,95422466
90702849,95422468,0,0,0
90703360,0,95422468,0,0
90703362,0,0,0,95422468
90703364,0,0,0,90703363
90703872,0,95420418,0,0
90703875,95420420,0,0,90703874
90704385,0,0,95420418,0
90704386,0,95420420,0,90704385
90704642,95421440,0,0,0
90704643,0,0,88087297,0
90704899,0,95421442,95420420,0
90705155,0,95421440,0,0
90705408,0,90705409,0,0
90705412,0,0,95421442,0
90705920,0,0,0,90706177
90706177,0,0,90705665,0
90706432,95420416,0,0,0
90707201,0,95420416,0,0
90707458,90708481,0,90707713,0
90707713,90707458,0,0,0
90708481,0,0,90707458,0
90833408,0,0,95424512,0
95420416,0,0,90706432,90707201
95420418,90704385,0,95422468,90703872
95420420,90704899,0,90703875,90704386
95421440,0,0,90704642,90705155
95421442,90705412,0,0,90704899
95422468,95420418,90703362,90702849,90703360
95424512,90833408,0,0,0
95424516,0,0,88085510,0
99095053,0,88081670,0,0
99096077,0,88082710,0,0
100140544,100141056,0,0,0
101187584,0,0,88212737,222298113
101716489,0,0,67372032,0
103547394,103547392,0,0,0
106957826,0,0,106957828,0
106957828,106957826,0,0,0
107218944,0,107219968,0,0
107219968,107222016,107220992,0,107218944
107220992,107223040,0,0,107219968
107222016,0,107223040,107219968,0
107223040,107224064,0,107220992,107222016
107224064,107225088,0,107223040,0
107479040,107480064,0,0,107480064
107480064,0,0,0,107481088
108003331,108004867,0,0,0
108003334,108004870,0,0,0
108004867,108006403,0,108003331,0
108004870,108006406,108004873,108003334,0
108004876,108006412,0,0,0
108006403,0,0,108004867,0
108006406,108007942,0,108004870,0
108006412,108007948,0,108004876,0
108007942,0,0,108006406,0
108007945,108009481,108007948,0,0
108007948,0,0,108006412,108007945
108009481,0,0,108007945,0
108789760,108791296,108791296,108922368,0
108790037,108790040,0,108922645,0
108790040,108790043,108790037,108790037,0
108790043,0,0,108790040,0
108791296,108792832,111149062,108789760,0
108791579,108793115,108793115,0,0
108791582,0,108793118,0,0
108792832,108794368,108794368,108791296,0
108793115,0,108794651,108791579,0
108793118,0,108794654,0,0
108794368,108794627,0,108792832,0
108794627,108794630,108794368,0,0
108794630,108794633,108794627,0,0
108794633,0,108794630,108794630,0
108794636,0,0,108794633,0
108794651,108796187,0,108793115,0
108794654,0,0,108793118,0
108796172,0,108797708,0,0
108796181,0,108797717,0,108796184
108796184,108796187,108796181,0,0
108796187,0,0,108796184,108794651
108797708,108797711,0,108796172,0
108797711,108797714,0,108797708,0
108797714,108797717,108797711,108797711,0
108797717,0,108797714,108797714,0
108922368,108789760,108789760,108923904,0
108922645,108790037,108790037,108924181,0
108923904,108922368,108922368,108925440,0
108924181,108922645,0,108925717,0
108925440,0,108923904,108926976,0
108925717,0,108924181,108927253,0
108926976,108927235,108925440,0,0
108927235,108927238,108926976,0,0
108927238,108927241,108927235,0,0
108927241,108927244,108927238,108927238,0
108927244,0,108927241,108927241,0
108927253,108925717,108925717,0,0
108928780,108928783,0,0,0
108928783,108928786,108928780,108928780,0
108928786,108928789,108928783,0,0
108928789,108927253,108928786,108928786,0
109053440,109054976,0,0,0
109053443,109054979,109054979,0,0
109053446,109054982,109054982,0,0
109054976,109056512,109056512,109053440,0
109054979,109056515,109056515,109053443,0
109054982,112724481,0,109053446,0
109056512,109058048,109058048,109054976,0
109056515,109058051,109058051,109054979,0
109056518,0,109058054,0,0
109058048,112723457,0,109056512,0
109058051,0,0,109056515,0
109058054,0,0,109056518,109056518
109314048,109315072,109315072,0,0
109315072,109316096,0,109314048,0
109315074,109316098,0,0,0
109315076,109316100,109316100,0,0
109316096,109317120,109317120,109315072,0
109316098,109317122,0,109315074,0
109316100,109317124,0,109315076,0
109317120,0,0,109316096,0
109317122,0,0,109316098,0
109317124,109318148,109318148,109316100,0
109318148,0,0,109317124,0
110625283,108007948,0,0,0
110626307,108004873,0,0,0
110887425,110888961,0,0,0
110887431,110888967,0,0,0
110888961,110890497,110888961,110887425,0
110888967,110890503,110887431,110887431,0
110890497,110892033,110888961,110888961,0
110890500,110892036,0,0,0
110890503,0,0,110888967,0
110892033,110893569,110890497,110890497,0
110892036,110893572,110890500,110890500,0
110893569,0,0,110892033,0
110893572,0,110892036,110892036,0
111149056,111150592,0,111149059,0
111149059,111149056,111149062,111149062,0
111149062,111149059,0,54167883,0
111149315,111150342,111150592,111150592,111281414
111150342,0,0,111149315,111281417
111150345,0,0,111281417,111150348
111150348,0,111150345,111281420,0
111150592,111149315,0,111149056,0
111281414,111281417,111149315,0,0
111281417,111150345,111150342,111281414,111281420
111281420,111150348,111281417,0,0
111284486,0,111282950,0,0
112460034,0,0,111281417,0
112460037,0,112592132,0,0
112460041,112461064,0,0,112461066
112461060,0,0,112460037,0
112461064,0,0,112460041,0
112461066,0,112460041,112460041,0
112461068,0,0,112460045,0
112461070,0,0,112460045,0
112592132,112460037,0,0,112460037
112592134,112460037,0,0,0
112592136,112460041,0,0,0
112592138,112460041,0,0,0
112592140,112460045,0,0,0
112592142,112460045,0,0,0
113508877,113770496,0,0,0
113510401,113773313,0,0,0
113511940,113773313,0,0,0
113511946,0,0,113773313,0
115081729,0,0,115082753,115082753
115082753,115081729,115081729,0,0
117703176,117704200,0,117703178,0
117703178,0,0,117703180,0
117703183,117704207,0,0,0
117703185,117704209,0,117703187,0
117704200,117705224,0,0,0
117706762,117707786,0,117706764,0
117707777,117708801,0,0,0
117707791,117708815,0,0,0
117708803,0,0,117708805,0
120061958,0,0,189530112,0
120064003,0,189792256,0,0
120064515,0,189792768,0,0
120193541,0,189530112,0,0
121634820,0,0,0,121636866
121634822,0,0,0,121637892
121635840,0,0,121636864,0
121635844,121636868,0,0,0
121635846,121636870,0,121634822,0
121636864,121635840,0,0,0
121636866,121637890,121634820,0,0
121636868,121637892,0,121635844,0
121636870,0,0,121635846,0
121637890,0,0,121636866,0
121637892,0,121634822,121636868,0
126091264,0,84806406,165155846,0
126091521,0,0,165155845,0
126091522,0,0,165155844,0
126091523,0,0,165155843,156239371
126091540,0,127926796,0,0
126091776,0,84805894,0,0
126092036,0,0,156239371,0
126092037,0,0,156239370,0
126092038,0,0,156239369,0
126092039,0,0,156239368,0
126092040,0,0,156239367,156239878
126092052,0,127927308,0,0
126092288,189530112,84805382,0,0
126092552,0,0,0,156240390
126092564,0,127927820,0,0
126093064,0,0,0,156240902
126093076,0,127928332,0,0
126093081,0,126093080,0,0
126093576,0,0,0,156241414
126093588,0,127928844,0,0
126093592,0,0,126093080,0
126094088,0,0,0,156241926
126094100,0,127929356,0,0
126094600,0,0,0,156242438
126094612,0,127929868,0,0
126223124,0,127926284,0,0
126223131,0,0,128057860,0
126223132,0,0,128057859,0
126223133,0,0,128057858,0
126223134,0,0,128057857,0
126223636,0,128057868,0,0
126223642,0,0,0,128057860
126224148,0,128058380,128058891,0
126224149,0,0,128058890,0
126224150,0,0,128058889,0
126224151,0,0,128058888,0
126224152,0,0,128058887,0
126224153,0,0,128058886,0
126224154,0,0,128058885,128058372
127141889,113774337,0,0,0
127143428,113774337,0,0,0
127143434,0,0,113774337,0
127404033,113773057,0,0,0
127405572,113773057,0,0,0
127405578,0,0,113773057,0
127926284,0,0,0,126223124
127926287,0,156238848,0,0
127926796,0,0,0,126091540
127926799,0,156239360,0,0
127927308,0,0,0,126092052
127927311,0,156239872,0,0
127927820,0,0,0,126092564
127927823,0,156240384,0,0
127928332,0,0,0,126093076
127928335,0,156240896,0,0
127928844,0,0,0,126093588
127928847,0,156241408,0,0
127929356,0,0,0,126094100
127929359,0,156241920,0,0
127929868,0,0,0,126094612
127929871,0,156242432,0,0
128057857,126223134,0,0,0
128057858,126223133,0,0,0
128057859,126223132,0,0,0
128057860,126223131,126223642,0,0
128057868,0,0,0,126223636
128057871,0,156238336,0,0
128058372,0,126224154,0,0
128058380,0,0,0,126224148
128058382,0,0,132123137,0
128058383,0,156237824,132123138,0
128058885,126224154,0,0,0
128058886,126224153,0,0,0
128058887,126224152,0,0,0
128058888,126224151,0,0,0
128058889,126224150,0,0,0
128058890,126224149,0,0,0
128058891,126224148,0,0,0
128058893,0,132123137,0,0
128059393,0,0,155977728,0
128059394,0,0,155977729,0
128059395,0,0,155977730,0
128059396,0,0,155977731,0
128059405,0,132122625,0,0
128059909,0,0,155977220,155977731
128059910,0,0,155977221,0
128059911,0,0,155977222,0
128059912,0,0,155977223,0
128059913,0,0,155977224,0
128059914,0,0,155977225,0
128059915,0,0,155977226,0
128059916,0,0,155977227,0
128059917,0,132122113,155977228,0
128974848,128975872,128974850,0,0
128974850,0,128974852,0,128974848
128974852,0,0,0,128974850
128975872,0,128975874,128974848,0
128975874,128976898,128975876,0,128975872
128975876,128976900,0,0,128975874
128976898,0,128976900,128975874,0
128976900,0,0,128975876,128976898
128977920,0,128977922,0,0
128977922,0,0,128977920,0
129238531,131597312,0,0,0
129239042,0,131597312,0,0
129499136,0,129236992,129236992,0
129761282,129762306,0,0,0
129761538,129762562,0,0,0
129762304,129763328,129762306,0,0
129762306,129763330,0,129761282,129762304
129762562,129763586,0,129761538,0
129763328,0,0,129762304,129763586
129763330,0,0,129762306,0
129763586,129764610,129763328,129762562,0
129764352,129764354,129764354,0,129764610
129764354,0,0,0,129764352
129764610,0,129764352,129763586,0
130285568,129368578,129368578,0,0
130547712,0,0,129238529,0
131334148,131335172,0,0,0
131335168,131336192,131335170,0,0
131335170,0,131335172,0,131335168
131335172,131336196,0,131334148,131335170
131336192,131337216,0,131335168,0
131336194,131337218,0,0,0
131336196,131337220,0,131335172,0
131337216,0,131337218,131336192,0
131337218,0,0,131336194,131337216
131337220,0,0,131336196,0
131597312,0,131596288,129238531,129239042
131858945,0,129763330,0,0
131858948,129763328,129763328,0,0
131859969,0,131858945,0,0
131859972,131858948,131858948,0,0
131860993,0,128976898,0,0
131860996,131859972,131859972,0,0
131862017,0,129762562,0,0
131862020,131860996,131860996,0,0
131863044,131862020,131862020,0,0
132121089,0,0,155976205,155976716
132121090,0,0,155976206,0
132121091,0,0,139464193,0
132121092,0,0,139464194,0
132121093,0,0,139464195,0
132121601,0,0,0,155977228
132122113,0,0,0,128059917
132122625,0,0,0,128059405
132123137,128058382,0,0,128058893
132123138,128058383,0,0,0
132123139,156237824,0,0,0
132123140,156237825,0,0,0
132123141,156237826,0,0,0
134217728,0,0,134350082,0
134218752,134219776,134218754,0,0
134218754,134219778,134218756,0,134218752
134218756,0,138675202,138674176,134218754
134219776,137366528,134219778,134218752,0
134219778,134220802,0,134218754,134219776
134220800,134221824,0,0,0
134220802,0,0,134219778,0
134221824,134222848,0,134220800,0
134221826,134222850,0,0,0
134222848,0,0,134221824,0
134222850,134223874,134222852,134221826,0
134222852,134223876,0,0,134222850
134223874,134224898,134223876,134222850,0
134223876,0,0,134222852,134223874
134224898,134225922,134223874,0,0
134225922,0,0,134224898,0
134350082,134217728,134217728,0,0
134351108,134350082,134350082,0,0
134742016,0,134742018,134874112,0
134742018,0,0,0,134742016
134874112,134742016,0,0,0
135266817,135267841,135266819,0,0
135266819,135267843,135266821,135397891,135266817
135266821,135267845,0,135397893,135266819
135267841,135268865,0,135266817,0
135267843,135268867,135267845,135266819,0
135267845,0,0,135266821,135267843
135268865,0,135268867,135267841,0
135268867,0,0,135267843,135268865
135268869,0,135267845,0,0
135269889,0,135268867,0,0
135269891,0,135268867,0,0
135270145,135271169,135268865,0,0
135271169,0,135270145,0,0
135397891,135266819,0,0,0
135397893,135266821,0,0,0
136052994,0,136185090,0,0
136052998,136054022,0,0,0
136054018,136055042,0,0,0
136054020,136055044,0,0,0
136054022,136055046,136052998,136052998,0
136055042,136056068,136054018,136054018,0
136055044,0,0,136054020,0
136055046,136056070,0,136054022,0
136056068,0,0,136055042,0
136056070,0,136055046,136055046,0
136056074,0,136055048,136055048,0
136185090,136052994,0,0,0
136577024,0,134221826,134221826,0
137363456,0,134218752,134217728,0
137364480,137363456,137363456,0,0
137365762,0,136052736,134220034,0
137365764,0,136054020,136052996,0
137366528,0,134220802,134219776,0
137367552,0,0,137366528,0
137367810,0,135267841,0,0
137367812,0,136054022,0,0
137367814,0,0,134222082,0
137368576,137369600,0,134222848,0
137368580,0,136052998,136052998,0
137369600,137370624,0,137368576,0
137369604,0,134223878,0,0
137370624,0,0,137369600,0
137371652,137371650,0,0,0
138150403,135270145,0,0,0
138674176,134218756,138674178,0,0
138674178,138675202,0,0,138674176
138675202,0,0,138674178,134218756
138806272,138674176,138674176,0,0
139198468,0,139199494,0,0
139199490,139200514,139199492,0,0
139199492,139200516,0,0,139199490
139199494,0,0,139198468,0
139200514,0,0,139199490,0
139200516,0,0,139199492,0
139201536,0,0,139200516,0
139201538,139199492,0,139198468,0
139201540,0,0,139201538,0
139461121,0,0,142090758,147588619
139461122,0,0,142090759,0
139461123,0,0,142090760,0
139461124,0,0,142090761,0
139461125,0,0,142090762,0
139461126,0,0,142090763,0
139461127,0,0,142090764,0
139461128,0,0,142090765,0
139461129,0,164364289,142090766,0
139461633,0,0,0,147589131
139461641,0,164364801,0,0
139462145,0,0,0,147589643
139462153,0,164365313,0,0
139462657,0,0,0,147590155
139462665,0,164365825,0,0
139463169,0,0,0,147590667
139463177,0,165150720,0,0
139463681,0,0,0,155975694
139463689,0,165151232,0,0
139464193,132121091,0,0,155976206
139464194,132121092,0,0,0
139464195,132121093,0,0,0
139464200,165152514,0,0,0
139464201,165152513,165151744,0,0
139724293,0,165153537,0,0
139992581,0,139723780,0,0
139992583,0,139725314,0,0
139992585,139723778,0,0,0
139992587,139993611,0,0,0
139993605,0,139723779,0,0
139993607,139724801,0,0,0
139993611,139723779,139723779,139992587,0
140509185,140510209,140509187,0,140509441
140509187,0,0,0,140509185
140509441,140510465,140509185,140641537,140509443
140509443,140510467,140509441,0,0
140510209,0,0,140509185,140510465
140510465,140511489,140510209,140509441,0
140510467,0,0,140509443,140510469
140510469,0,140510467,0,0
140511489,0,0,140510465,0
140641537,140509441,0,0,0
141820673,0,0,139463177,0
141820675,139464194,0,0,0
141951745,139462661,0,0,0
141951747,0,0,139463684,0
141951749,0,0,139461635,0
142082049,0,0,0,159779343
142082561,0,0,0,159778831
142083073,159777808,0,0,159778319
142083586,0,0,0,159777808
142084098,0,0,0,159777296
142084610,0,0,0,159645712
142085122,0,0,0,159646224
142085634,159647249,0,0,159646736
142086147,0,0,0,159647249
142086659,0,0,0,159647761
142086671,0,164102144,0,0
142087171,0,0,0,159648273
142087183,0,164102656,0,0
142087683,0,0,0,159648785
142087695,0,164103168,0,0
142088195,0,0,0,159649297
142088207,0,164103680,0,0
142088707,0,0,0,159649809
142088719,0,164104192,0,0
142089219,0,0,0,159650321
142089732,147587594,0,0,147587081
142090245,147588107,0,0,147587594
142090758,139461121,0,0,147588107
142090759,139461122,0,0,0
142090760,139461123,0,0,0
142090761,139461124,0,0,0
142090762,139461125,0,0,0
142090763,139461126,0,0,0
142090764,139461127,0,0,0
142090765,139461128,0,0,0
142090766,139461129,0,0,0
144441344,0,144441346,144573440,0
144441346,144442370,0,0,144441344
144441602,144442628,0,144573698,0
144442368,144443392,0,0,0
144442370,0,0,144441346,0
144442626,144443650,0,0,144442628
144442628,0,144442626,144441602,0
144443392,144444416,0,144442368,0
144443650,144444676,0,144442626,0
144444416,144574464,0,144443392,0
144444676,144445702,144443650,144443650,0
144445702,0,144444676,144444676,0
144573440,144441344,144573442,144574464,0
144573442,0,0,144574466,144573440
144573698,144441602,0,0,0
144574464,144573440,0,144444416,144575746
144574466,144573442,144575492,144575492,0
144575492,144574466,0,0,0
144575746,144574464,144574464,0,0
144703488,0,144703490,144835584,0
144703490,144704514,0,0,144703488
144703746,144704772,0,144835842,0
144704512,144705536,0,0,0
144704514,0,0,144703490,0
144704770,0,0,0,144704772
144704772,0,144704770,144703746,0
144705536,144706560,0,144704512,144705794
144705794,144706820,144705536,0,0
144706560,144836608,0,144705536,0
144706820,144707846,144705794,144705794,0
144707846,0,144706820,144706820,0
144835584,144703488,144835586,144836608,0
144835586,0,144835842,144836610,144835584
144835842,144703746,0,0,144835586
144836608,144835584,0,144706560,144837890
144836610,144835586,144837636,144837636,0
144837636,144836610,0,0,0
144837890,144836608,144836608,0,0
144965632,144966656,144965634,145097728,0
144965634,144966658,144965890,0,144965632
144965890,0,0,145097986,144965634
144966656,0,144966658,144965632,0
144966658,0,0,144965634,144966656
144966914,144967938,0,0,144966916
144966916,0,144966914,0,0
144967680,144968704,0,0,0
144967938,0,0,144966914,0
144968704,145098752,0,144967680,0
144968964,144969990,0,0,0
144969990,0,144968964,144968964,0
145097728,144965632,0,145098752,0
145097730,0,145097986,145098754,0
145097986,144965890,0,0,145097730
145098752,145097728,145098754,144968704,0
145098754,145097730,145099780,145099780,145098752
145099780,145098754,0,0,0
145100034,145098752,145098752,0,0
145228291,0,145228545,145228545,0
145228295,0,0,145228299,0
145228299,145228295,0,145229323,0
145228303,0,0,145229323,0
145228545,144966656,144966656,144965632,0
145229315,0,145228545,145228545,0
145229319,0,0,145098752,0
145229323,145229319,0,0,0
145229569,0,144966658,144966658,0
145489920,0,144704514,144704514,0
145491968,144704512,0,0,0
145752577,0,144442370,144442370,0
145753601,144442368,144442368,0,0
145754625,0,144441344,144441344,0
146014208,0,144703488,144703488,0
146014466,0,146014208,146014208,0
146015490,0,146014208,146014208,0
146146562,0,146014208,146014208,0
146147328,146014208,146014208,0,0
146672898,146672640,146672640,0,0
146676736,103549440,103549440,0,0
146800640,146801664,0,81789954,81789954
146800898,0,146800640,146800640,0
146801664,146802688,0,146800640,146800640
146801922,0,146800898,146800898,0
146802688,0,0,146801664,146801664
147062784,192939014,192939014,0,0
147062786,0,192416772,192416772,0
147063808,0,192677888,192677888,0
147063810,192545798,192545798,0,0
147325952,147326976,147324928,147324928,0
147326976,0,147325952,147325952,0
147587072,0,0,159650313,158991365
147587073,0,0,159650314,0
147587074,0,0,159650315,0
147587075,0,0,159650316,0
147587076,0,0,159650317,0
147587077,0,0,159650318,0
147587078,0,0,159650319,0
147587079,0,0,159650320,0
147587080,0,0,159650321,0
147587081,0,142089732,0,0
147587584,0,0,0,158990853
147587594,0,142090245,142089732,0
147588096,0,0,0,158859269
147588107,0,142090758,142090245,0
147588608,0,0,0,158859781
147588619,0,139461121,0,0
147589120,0,0,0,158860293
147589131,0,139461633,0,0
147589643,0,139462145,0,0
147590144,0,0,0,158861317
147590155,0,139462657,0,0
147590656,155975683,0,0,158861829
147590657,155975684,0,0,0
147590658,155975685,0,0,0
147590659,155975686,0,0,0
147590660,155975687,0,0,0
147590661,155975688,0,0,0
147590662,155975689,0,0,0
147590663,155975690,0,0,0
147590664,155975691,0,0,0
147590665,155975692,0,0,0
147590666,155975693,0,0,0
147590667,155975694,139463169,0,0
147849222,0,75500805,75500294,0
147849475,0,0,0,165151760
147849736,0,75501315,75500804,0
147849987,0,0,0,165152272
147850249,0,75501826,0,0
147850499,0,0,0,165152784
147850763,0,73403140,0,0
147851011,0,0,0,165153296
147851523,0,0,0,165153808
147852035,0,0,0,165154320
147852547,0,0,0,165154832
147853059,0,0,0,165155344
147853317,0,185860096,0,0
147853571,0,0,0,165155856
147854083,0,0,0,165156368
147854336,189661710,0,0,0
147854337,190840832,0,0,0
147854338,190840833,0,0,0
147854339,190840834,0,0,0
147854340,190840835,0,0,0
147854341,190840836,190972421,0,0
147854593,189661709,0,0,0
147854594,189661708,0,0,0
147854595,189661707,0,0,165156880
147981059,0,0,0,165151248
147981571,0,0,0,165150736
147981824,0,0,164365333,0
147981825,0,0,164365334,0
147982081,0,0,164365332,0
147982082,0,0,164365331,0
147982083,0,0,164365330,165282320
148636161,148637185,0,0,0
148637185,148638209,148637187,148636161,0
148637187,148637185,0,0,0
148638209,0,0,148637185,0
149422080,147849218,147849218,0,0
150213636,150214660,0,0,0
150214660,0,0,150213636,0
154141441,0,154272513,154272513,0
154142211,149428224,149428224,0,0
154142465,0,154141441,154141441,0
154143489,0,0,154142465,0
154272513,154141441,0,0,154141441
155975680,0,0,158861827,0
155975681,0,0,158861828,0
155975682,0,0,158861829,0
155975683,0,0,147590656,0
155975684,0,0,147590657,0
155975685,0,0,147590658,0
155975686,0,0,147590659,0
155975687,0,0,147590660,0
155975688,0,0,147590661,0
155975689,0,0,147590662,0
155975690,0,0,147590663,0
155975691,0,0,147590664,0
155975692,0,0,147590665,0
155975693,0,0,147590666,0
155975694,0,139463681,147590667,0
155976205,132121089,0,0,0
155976206,132121090,139464193,0,0
155976704,0,0,0,158336002
155976716,0,132121089,0,0
155977220,128059909,0,0,0
155977221,128059910,0,0,0
155977222,128059911,0,0,0
155977223,128059912,0,0,0
155977224,128059913,0,0,0
155977225,128059914,0,0,0
155977226,128059915,0,0,0
155977227,128059916,0,0,0
155977228,128059917,132121601,0,0
155977728,128059393,0,0,0
155977729,128059394,0,0,0
155977730,128059395,0,0,0
155977731,128059396,128059909,0,0
156237824,0,0,132123139,128058383
156237825,0,0,132123140,0
156237826,0,0,132123141,0
156237832,0,0,165154561,0
156237833,0,0,165154304,0
156237834,0,0,165154305,0
156237835,0,165154819,165154306,0
156238336,0,0,0,128057871
156238347,0,165155331,0,0
156238848,0,0,0,127926287
156238859,0,165155843,0,0
156239360,0,0,0,127926799
156239367,126092040,0,0,0
156239368,126092039,0,0,0
156239369,126092038,0,0,0
156239370,126092037,0,0,0
156239371,126092036,126091523,0,0
156239872,0,0,0,127927311
156239878,0,126092040,0,0
156240384,0,0,0,127927823
156240390,0,126092552,0,0
156240896,0,0,0,127928335
156240902,0,126093064,0,0
156241408,0,0,0,127928847
156241414,0,126093576,0,0
156241920,0,0,0,127929359
156241926,0,126094088,0,0
156242432,0,0,0,127929871
156242438,0,126094600,0,0
156501510,0,0,0,156894216
156502786,0,156893697,0,0
157810688,156500992,156500992,0,0
157810690,0,0,156500994,0
157811714,0,0,156500994,0
158072832,0,156502274,0,0
158073856,158072832,158074880,0,0
158074880,0,158075904,0,158073856
158075904,0,0,0,158074880
158076928,0,158075904,158077952,0
158077952,158076928,158078976,158078976,0
158078210,0,158077952,158077952,0
158078976,158077952,0,0,0
158334977,0,0,158861825,0
158334978,0,0,158861826,0
158336002,0,155976704,0,0
158859269,0,147588096,0,0
158859781,0,147588608,0,0
158860293,0,147589120,0,0
158861317,0,147590144,0,0
158861825,158334977,0,0,0
158861826,158334978,0,0,0
158861827,155975680,0,0,0
158861828,155975681,0,0,0
158861829,155975682,147590656,0,0
158990848,0,0,0,159651330
158990853,0,147587584,0,0
158991360,0,0,159650307,159650818
158991361,0,0,159650308,0
158991362,0,0,159650309,0
158991363,0,0,159650310,0
158991364,0,0,159650311,0
158991365,0,147587072,159650312,0
159645712,0,142084610,0,0
159646224,0,142085122,0,0
159646736,0,142085634,0,0
159647249,0,142086147,142085634,0
159647746,0,212602114,0,0
159647761,0,142086659,0,0
159648259,0,0,212602114,0
159648273,0,142087171,0,0
159648785,0,142087683,0,0
159649297,0,142088195,0,0
159649808,0,0,212603916,0
159649809,0,142088707,0,0
159650307,158991360,0,0,0
159650308,158991361,0,0,0
159650309,158991362,0,0,0
159650310,158991363,0,0,0
159650311,158991364,0,0,0
159650312,158991365,0,0,0
159650313,147587072,0,0,0
159650314,147587073,0,0,0
159650315,147587074,0,0,0
159650316,147587075,0,0,0
159650317,147587076,0,0,0
159650318,147587077,0,0,0
159650319,147587078,0,0,0
159650320,147587079,0,0,0
159650321,147587080,142089219,0,0
159650818,0,158991360,0,0
159651330,0,158990848,0,0
159777296,0,142084098,0,0
159777808,0,142083586,142083073,0
159778319,0,142083073,0,0
159778831,0,142082561,0,0
159779343,0,142082049,0,0
160956928,0,0,0,161220622
160958464,160959745,0,0,0
160959745,160959747,0,160958464,160959747
160959747,160960771,160959745,160959745,0
160960771,0,160959747,0,0
161218560,0,161218562,0,0
161218562,161219586,0,161350658,161218560
161218564,161219588,0,161350660,0
161218568,161219592,0,161350662,161350662
161219586,161220608,161219588,161218562,0
161219588,161220614,161220614,161218564,161219586
161219592,161220614,161219594,161218568,0
161219594,161220618,0,0,161219592
161220608,161221632,0,161219586,0
161220614,0,161219592,161219592,161219588
161220618,161221644,161221644,161219594,0
161220620,161221644,161220622,0,0
161220622,160956928,160956928,161220620,161220620
161221632,161222914,0,161220608,0
161221644,0,0,161220620,161220618
161222914,161742848,161221632,0,0
161224196,0,161224198,0,0
161224198,161225222,0,0,161224196
161225222,0,0,161224198,0
161350658,161218562,161350660,0,161351680
161350660,161218564,161350662,161351684,161350658
161350662,161218568,161218568,0,161350660
161351680,0,161350658,161352704,0
161351684,161350660,0,0,0
161352704,161351680,0,161353986,161353986
161353986,161352704,161352704,161355010,0
161355010,161353986,0,0,161355012
161355012,0,161355010,161356038,0
161356036,0,0,161357060,161356038
161356038,161355012,161356036,0,0
161357060,161356036,0,161358084,0
161358084,161357060,0,161480704,0
161480704,0,161358084,0,0
161481986,161483010,0,0,161481988
161481988,161483012,161481986,0,0
161481992,161483016,0,0,0
161483010,161484034,0,161481986,161483012
161483012,161484036,161483010,161481988,161483014
161483014,161484038,161483012,0,161483016
161483016,161484040,161483014,161481992,0
161484034,0,0,161483010,161484036
161484036,161485060,161484034,161483012,161484038
161484038,161485062,161484036,161483014,161484040
161484040,0,161484038,161483016,161484042
161484042,161485066,161484040,0,0
161485060,161486084,0,161484036,0
161485062,0,0,161484038,0
161485064,161486088,0,0,161485066
161485066,161486090,161485064,161484042,0
161486084,0,0,161485060,161486086
161486086,0,161486084,0,161486088
161486088,0,161486086,161485064,161486090
161486090,0,161486088,161485066,0
161742848,0,161222914,161222914,0
163053568,0,0,0,163054592
163053570,0,163055361,163055361,0
163054592,0,163053568,163053568,0
163054594,163054849,0,0,0
163055618,163054592,0,0,0
163056642,163055361,0,0,0
163315716,160956931,160956931,0,0
164102144,0,0,0,142086671
164102162,0,0,167248388,0
164102163,0,0,167248389,0
164102164,0,0,167248390,0
164102656,0,0,0,142087183
164102678,0,171704320,167248904,0
164103168,0,0,0,142087695
164103190,0,171704832,0,0
164103680,0,0,0,142088207
164103702,0,171705344,0,0
164104192,0,0,0,142088719
164104214,0,171705856,0,0
164104722,164496916,0,0,0
164104723,164496917,0,0,0
164104724,164496918,0,0,0
164104725,164496919,0,0,0
164104726,164496920,171706368,0,0
164364289,0,0,0,139461129
164364312,0,171708416,0,0
164364801,0,0,0,139461641
164364815,165282830,0,0,0
164364816,165282831,0,0,0
164364817,165282832,0,0,0
164365313,0,0,0,139462153
164365330,147982083,0,0,165282832
164365331,147982082,0,0,0
164365332,147982081,0,0,0
164365333,147981824,0,0,0
164365334,147981825,75498762,0,0
164365825,165150720,0,0,139462665
164495896,0,171707904,0,0
164496408,0,171707392,0,0
164496916,0,0,164104722,0
164496917,0,0,164104723,0
164496918,0,0,164104724,0
164496919,0,0,164104725,0
164496920,0,171706880,164104726,0
165150720,0,0,164365825,139463177
165150736,0,147981571,0,0
165151232,0,0,0,139463689
165151248,0,147981059,0,0
165151744,0,0,0,139464201
165151760,0,147849475,0,0
165152272,0,147849987,0,0
165152513,0,0,139464201,0
165152514,0,0,139464200,0
165152784,0,147850499,0,0
165153296,0,147851011,0,0
165153537,0,0,0,139724293
165153808,0,147851523,0,0
165154304,156237833,0,0,0
165154305,156237834,0,0,0
165154306,156237835,0,0,0
165154311,0,0,0,186908672
165154320,0,147852035,0,0
165154561,156237832,0,0,0
165154819,0,0,0,156237835
165154832,0,147852547,0,0
165155331,0,0,0,156238347
165155335,84806918,0,0,0
165155336,84806917,0,0,0
165155337,84806916,0,0,0
165155338,84806915,0,0,0
165155339,84806914,0,0,0
165155340,84806913,0,0,0
165155341,84806656,0,0,0
165155342,84806657,0,0,0
165155343,84806658,0,0,0
165155843,126091523,0,0,156238859
165155844,126091522,0,0,0
165155845,126091521,0,0,0
165155846,126091264,84806918,0,0
165156368,0,147854083,0,84806146
165156880,189661706,147854595,0,84805634
165282320,0,147982083,0,0
165282826,0,0,164364811,0
165282827,0,0,164364812,0
165282828,0,0,164364813,0
165282829,0,0,164364814,0
165282830,0,0,164364815,0
165282831,0,0,164364816,0
165282832,0,164365330,164364817,0
166985728,0,0,156238337,0
167248388,164102162,0,0,0
167248389,164102163,0,0,0
167248390,164102164,0,0,0
167248904,164102678,0,0,0
167379973,0,0,167380484,0
167380484,167379973,167379973,0,0
168558592,168559616,168558594,169084928,0
168558594,168559618,168558596,0,168558592
168558596,168559620,0,0,168558594
168558598,168559622,168558600,0,0
168558600,168559624,168558602,0,168558598
168558602,168559626,0,0,168558600
168558604,168559628,168558606,0,0
168558606,168559630,168558608,0,168558604
168558608,168559632,0,0,168558606
168559616,168560640,168559618,168558592,0
168559618,168560642,168559620,168558594,168559616
168559620,168560644,0,168558596,168559618
168559622,168560646,168559624,168558598,0
168559624,168560648,168559626,168558600,168559622
168559626,168560650,0,168558602,168559624
168559628,168560652,168559630,168558604,0
168559630,168560654,168559632,168558606,168559628
168559632,168560656,0,168558608,168559630
168560640,0,168560642,168559616,0
168560642,0,168560644,168559618,168560640
168560644,0,0,168559620,168560642
168560646,0,168560648,168559622,0
168560648,0,168560650,168559624,168560646
168560650,0,0,168559626,168560648
168560652,0,168560654,168559628,0
168560654,0,0,168559630,168560652
168560656,0,0,168559632,0
168820736,168821760,168820738,0,0
168820738,168821762,168820740,0,168820736
168820740,168821764,0,0,168820738
168820742,168821766,168820744,0,0
168820744,168821768,168820746,0,168820742
168820746,168821770,0,0,168820744
168820748,168821772,168820750,0,0
168820750,168821774,168820752,0,168820748
168820752,168821776,0,0,168820750
168821760,168822784,168821762,168820736,0
168821762,168822786,168821764,168820738,168821760
168821764,168822788,0,168820740,168821762
168821766,168822790,168821768,168820742,0
168821768,168822792,168821770,168820744,168821766
168821770,0,0,168820746,168821768
168821772,168822796,168821774,168820748,0
168821774,168822798,168821776,168820750,168821772
168821776,168822800,0,168820752,168821774
168822784,0,168822786,168821760,0
168822786,169082882,168822788,168821762,168822784
168822788,0,0,168821764,168822786
168822790,0,168822792,168821766,0
168822792,0,168822794,168821768,168822790
168822794,0,0,0,168822792
168822796,0,168822798,168821772,0
168822798,0,168822800,168821774,168822796
168822800,0,0,168821776,168822798
169082880,169083904,169082882,0,0
169082882,169083906,169082884,168822786,169082880
169082884,169083908,0,0,169082882
169082886,169083910,169082888,0,0
169082888,169083912,169082890,0,169082886
169082890,169083914,0,0,169082888
169082892,169083916,169082894,0,0
169082894,169083918,169082896,0,169082892
169082896,169083920,0,0,169082894
169083904,169084928,169083906,169082880,0
169083906,169084930,169083908,169082882,169083904
169083908,169084932,0,169082884,169083906
169083910,169084934,169083912,169082886,0
169083912,169084936,169083914,169082888,169083910
169083914,169084938,0,169082890,169083912
169083916,169084940,169083918,169082892,0
169083918,169084942,169083920,169082894,169083916
169083920,169084944,0,169082896,169083918
169084928,168558592,169084930,169083904,0
169084930,0,169084932,169083906,169084928
169084932,0,0,169083908,169084930
169084934,0,169084936,169083910,0
169084936,0,169084938,169083912,169084934
169084938,0,0,169083914,169084936
169084940,0,169084942,169083916,0
169084942,0,169084944,169083918,169084940
169084944,0,0,169083920,169084942
170131462,170131464,0,0,168559616
170131464,170131462,168560652,0,0
170131466,0,170131468,170131468,0
170131468,0,0,168822796,0
170132482,0,0,170132480,0
170133514,169083906,0,170133516,0
170133516,0,169082896,0,0
171181313,0,171182082,0,0
171183873,0,147850753,0,0
171442180,0,0,172235786,0
171442688,0,0,0,172754444
171442692,178257922,0,0,0
171443205,0,0,0,178257922
171444738,0,0,178260226,0
171445248,0,0,0,180356101
171704320,0,0,0,164102678
171704321,0,0,100141313,0
171704322,0,0,100141056,0
171704331,0,172098055,0,0
171704832,0,0,0,164103190
171704843,0,171966471,0,0
171705344,0,0,0,164103702
171705355,0,171966983,0,0
171705856,0,0,0,164104214
171705867,0,171967495,0,0
171706368,0,0,0,164104726
171706379,0,171968007,0,0
171706880,0,0,0,164496920
171707392,0,0,0,164496408
171707904,0,0,0,164495896
171708416,0,0,0,164364312
171835907,0,0,0,100141056
171835915,0,172098567,0,0
171966471,0,0,0,171704843
171966484,0,173016833,0,0
171966983,0,0,0,171705355
171966996,0,173017345,0,0
171967495,0,0,0,171705867
171967508,0,173017857,0,0
171968007,0,0,0,171706379
171968020,0,173018369,0,0
171968532,0,173018881,0,0
171969044,0,173019393,0,0
171969556,0,173019905,0,0
172098055,0,0,0,171704331
172098567,0,0,0,171835915
172229125,0,212993026,0,0
172230656,0,0,0,173016076
172231680,0,0,0,173017100
172231692,212862471,0,0,0
172232193,0,212862210,0,0
172232704,0,0,0,173018124
172233216,0,0,0,173018636
172233728,0,0,0,173019148
172234240,0,0,0,173019660
172234752,172752903,0,0,173020172
172235266,172753417,0,0,0
172235272,0,0,212864515,0
172235779,0,0,0,172753417
172235781,172753932,0,0,0
172235786,171442180,0,0,0
172490752,0,0,173020417,0
172490753,0,0,173020160,0
172490754,0,0,173020161,0
172490758,0,172752896,173020165,0
172491270,0,172753408,0,0
172492294,0,172754432,0,0
172493318,0,172755456,0,0
172752896,0,0,173020166,172490758
172752897,0,0,173020167,0
172752898,0,0,173020168,0
172752900,0,0,173020170,0
172752901,0,0,173020171,0
172752902,0,0,173020172,0
172752903,0,0,172234752,0
172753408,0,0,0,172491270
172753417,0,172235779,172235266,0
172753932,0,0,172235781,0
172754432,0,0,0,172492294
172754444,0,171442688,0,0
172754950,0,0,179830787,0
172754954,180486659,0,0,0
172755456,0,0,0,172493318
172756998,0,180356096,0,0
172758016,172759297,0,0,0
172758019,172759042,0,0,0
172758532,0,0,0,172759042
172759042,0,172758532,172758019,0
172759297,84542209,0,172758016,0
173016076,0,172230656,0,0
173016833,0,0,0,171966484
173017099,0,173017100,0,0
173017100,0,172231680,0,0
173017345,0,0,0,171966996
173017607,0,0,0,173017606
173017857,0,0,0,171967508
173018124,0,172232704,0,0
173018369,0,0,0,171968020
173018636,0,172233216,0,0
173018881,0,0,0,171968532
173019148,0,172233728,0,0
173019393,0,0,0,171969044
173019660,0,172234240,0,0
173019905,0,0,0,171969556
173020160,172490753,0,0,0
173020161,172490754,0,0,0
173020165,172490758,0,0,0
173020166,172752896,0,0,0
173020167,172752897,0,0,0
173020168,172752898,0,0,0
173020170,172752900,0,0,0
173020171,172752901,0,0,0
173020172,172752902,172234752,0,0
173020417,172490752,0,0,0
173277184,0,0,0,173539332
173277186,0,173408771,0,0
173277696,0,0,0,173539844
173279489,0,0,173540868,173541379
173280001,0,0,0,173541891
173408771,173277186,0,0,0
173539332,0,173277184,0,0
173539844,0,173277696,0,0
173540868,173279489,0,0,0
173541379,0,173279489,0,0
173541891,0,173280001,0,0
173670912,0,0,174854152,174854152
173935106,0,173670912,0,0
174588929,0,174851072,0,0
174850048,174851072,0,0,0
174851072,174852096,0,174850048,174588929
174851074,174852098,174851076,0,0
174851076,174852100,0,0,174851074
174852096,0,174852098,174851072,0
174852098,174853122,0,174851074,174852096
174852100,0,174852102,174851076,0
174852102,174853126,0,0,174852100
174853122,0,0,174852098,0
174853124,174854148,174853126,0,0
174853126,0,0,174852102,174853124
174854144,0,174854146,0,0
174854146,174855170,174854148,0,174854144
174854148,174855172,0,174853124,174854146
174854152,174855176,173670912,0,0
174855170,0,174855172,174854146,0
174855172,0,0,174854148,174855170
174855174,0,174855176,0,0
174855176,174856200,0,174854152,174855174
174856200,0,0,174855176,0
175112194,0,0,175112196,0
175112196,175112194,175112198,0,0
175112198,0,0,0,175112196
175636480,175637504,175636482,0,0
175636482,175637506,175636484,0,175636480
175636484,175637508,0,0,175636482
175637504,175638528,175637506,175636480,0
175637506,175638530,175637508,175636482,175637504
175637508,175638532,0,175636484,175637506
175638528,0,175638530,175637504,0
175638530,0,175638532,175637506,175638528
175638532,0,175638532,175637508,175638530
175639553,0,175639555,175639555,0
175639555,175640579,175640579,0,175639553
175640579,175641603,175641603,175639555,0
175641601,0,175641603,175641603,0
175641603,175641601,0,175640579,0
175641857,0,0,175641601,0
175642624,175639553,0,175642626,0
175642626,0,0,175642628,0
175642628,175644930,0,0,0
175642882,175642624,0,0,0
175643648,175644676,0,175643652,0
175643652,175643648,0,175644930,0
175644672,0,175644674,175644674,175644930
175644674,0,175644676,175644676,175644672
175644676,175644674,0,175643648,0
175644930,175643652,175643652,175642628,0
175645698,0,0,175644674,0
176422914,0,0,176555010,0
176555008,0,176555010,176556032,0
176555010,176422914,0,176556034,176555008
176556032,176555008,176556034,0,0
176556034,176555010,0,0,176556032
176685057,0,0,176817153,0
176685059,0,176685061,0,0
176685061,176817157,0,0,176685059
176817153,176685057,0,176818177,0
176817157,0,0,176685061,0
176818177,176817153,0,0,0
176819205,0,0,176820229,0
178257920,178258944,178257922,0,0
178257922,178258946,171443205,171442692,178257920
178258178,178259202,0,0,0
178258944,178259968,178258946,178257920,0
178258946,178259970,0,178257922,178258944
178259202,178260226,178258944,178258178,0
178259968,178259968,178259970,178258944,0
178259970,0,0,178258946,178259968
178260226,171444738,178259968,178259202,0
179179790,0,179180814,0,0
179180814,0,0,0,179179790
179830787,172754950,0,0,0
179962371,0,0,179962372,0
180355077,0,0,0,181403650
180355584,0,181404678,0,0
180355587,0,181404674,0,0
180356096,0,0,0,172756998
180356101,0,171445248,0,0
180356610,181405696,0,0,0
180486657,181403654,0,0,0
180486659,0,0,172754954,0
180880384,172228619,0,0,0
181141504,181142528,0,0,0
181141506,181142530,181141508,0,0
181141508,181142532,181141510,0,181141506
181141510,181142534,181141512,0,181141508
181141512,181142536,181141514,0,181141510
181141514,181142538,0,0,181141512
181142528,181143552,181142530,181141504,0
181142530,181143554,0,181141506,181142528
181142532,0,0,181141508,181403652
181142534,181143558,0,181141510,0
181142536,181143560,181142538,181141512,0
181142538,0,0,181141514,181142536
181143552,0,181143554,181142528,0
181143554,181144578,0,181142530,181143552
181143558,181144582,181143560,181142534,0
181143560,181144584,181143562,181142536,181143558
181143562,181144586,0,0,181143560
181144576,181145600,181144578,0,0
181144578,0,181144580,181143554,181144576
181144580,181145604,0,0,181144578
181144582,181145606,181144584,181143558,181405700
181144584,181145608,0,181143560,181144582
181144586,181145610,0,181143562,0
181145600,181146624,0,181144576,0
181145602,181146626,181145604,0,0
181145604,181146628,181145606,181144580,181145602
181145606,181146630,0,181144582,181145604
181145608,181146632,181145610,181144584,0
181145610,181146634,0,181144586,181145608
181146624,0,181146626,181145600,0
181146626,0,181146628,181145602,181146624
181146628,181405698,0,181145604,181146626
181146630,0,181146632,181145606,0
181146632,0,181146634,181145608,181146630
181146634,0,0,181145610,181146632
181403650,181404674,180355077,0,0
181403652,0,181142532,181403654,181404678
181403654,0,181403652,180486657,0
181404674,0,181403650,0,180355587
181404678,0,0,181403652,180355584
181404680,0,180486661,0,0
181405696,0,181405698,180356610,0
181405698,0,181146628,181146628,181405696
181405700,0,181144582,0,0
182977030,0,182977032,0,0
183108098,0,183108100,0,0
183108100,183108098,0,183108613,183108098
183108613,183108100,0,0,0
183109635,0,183109637,0,0
183109637,0,0,0,183109635
183109641,183109643,183109643,0,0
183239179,0,0,183241227,0
183500802,0,0,183632898,0
183500804,183501828,0,183500802,0
183500814,183500816,0,183500812,183501838
183501824,183502848,183500800,0,0
183501828,183502852,0,0,0
183501836,183502860,183501838,0,0
183501838,183501840,183500814,183500814,183502862
183501840,0,0,183501838,0
183502856,183502858,0,0,0
183502860,0,183502862,183501836,0
183502862,183502864,183501838,183501838,183502860
183502864,0,0,183502862,0
183763968,0,88083734,0,0
183764996,0,0,183764992,183764998
183765002,0,0,183765004,0
183765004,0,0,183765004,0
183767046,0,183767042,0,0
183767048,183767052,183767052,0,0
183767050,0,183767052,183767052,0
183767052,183767054,183767054,0,0
183767054,185861637,0,0,0
183768070,183768068,183768068,0,0
183769094,0,183769092,0,0
184287234,0,0,184419330,0
184287236,184288260,184288260,0,183108105
184287490,184288514,0,184419586,0
184287492,0,184287490,184287490,0
184287494,0,184287492,184287492,0
184288260,184289284,0,0,0
184288514,184289538,0,184287490,0
184289280,0,0,0,184289538
184289284,0,0,184288260,0
184289538,0,184289280,184288514,0
184419328,0,184419330,0,0
184419330,184287234,184287234,0,0
184419334,0,0,183109643,0
184419586,184287490,0,0,0
184811527,0,0,184943623,0
185075200,185076224,0,185074176,0
185076224,195300364,0,185075200,0
185078272,0,185077248,0,0
185860096,0,0,0,147853317
185860608,190972421,0,0,0
185860609,190972422,0,0,0
185862148,0,185862149,0,0
185862657,0,0,0,190841861
185862661,0,88212762,0,0
185863169,70778880,0,0,0
185863682,0,0,0,70778880
186384896,0,186384898,186515968,186385154
186384898,186385922,0,186515970,186384896
186384900,186385924,186384902,186515972,0
186384902,186385926,0,0,186384900
186385154,186386178,186384896,186516226,186385156
186385156,186386180,186385154,0,0
186385920,186386944,186385922,0,186386178
186385922,186386946,186385924,186384898,186385920
186385924,186386948,186385926,186384900,186385922
186385926,0,0,186384902,186385924
186386178,186387202,186385920,186385154,186386180
186386180,0,186386178,186385156,0
186386944,186387968,186386946,186385920,0
186386946,186387970,186386948,186385922,186386944
186386948,186387972,0,186385924,186386946
186387202,0,0,186386178,0
186387968,0,0,186386944,0
186387970,0,186387972,186386946,0
186387972,0,0,186386948,186387970
186515968,186384896,186515970,0,186516226
186515970,186384898,186515972,0,186515968
186515972,186384900,0,0,186515970
186516226,186385154,186515968,186517250,0
186517250,186516226,0,0,0
186908672,0,165154311,0,186908930
186908930,0,186908672,0,186908932
186908932,0,186908930,0,0
187303426,187171330,0,187304450,0
187695104,0,0,187695106,0
187695106,0,186908930,0,0
188483080,0,0,188484104,0
188484104,0,188484106,0,0
188485128,188484104,188484104,0,0
188743681,0,0,189531144,189531655
188743682,0,0,189531145,0
188743683,0,0,189531146,0
188743684,0,0,189531147,0
188743685,0,0,189531148,0
188743686,0,0,189531149,0
188743687,0,190842880,189531150,0
188744193,0,0,0,189532167
188744196,191102978,0,0,0
188744199,0,190843392,0,0
188744705,0,0,0,189792265
188744711,0,190578688,0,0
188745217,0,0,0,189792777
188745218,0,191104000,0,0
188745223,0,190579200,0,0
188745729,0,0,0,189793289
188745734,0,0,0,191105028
188745735,0,190579712,0,0
188746241,0,0,0,189793801
188746247,0,190580224,0,0
188746753,193332225,0,0,189794313
188746754,193332226,0,0,0
188746755,193332227,0,0,0
188746756,193332228,0,191106050,0
188746757,193332229,0,0,0
188746758,193332230,0,0,0
188746759,193332231,190580736,0,0
189399809,0,0,193201153,0
189530112,120061958,0,126092288,120193541
189530113,0,0,84805382,0
189530114,0,0,84805381,0
189530115,0,0,84805380,0
189530116,0,0,84805379,0
189530117,0,0,84805378,0
189530118,0,0,84805377,0
189530126,0,190841344,0,0
189530638,0,190841856,0,0
189531144,188743681,0,0,0
189531145,188743682,0,0,0
189531146,188743683,0,0,0
189531147,188743684,0,0,0
189531148,188743685,0,0,0
189531149,188743686,0,0,0
189531150,188743687,190842368,0,0
189531655,0,188743681,0,0
189532160,189792258,0,0,0
189532161,189792259,0,0,0
189532162,189792260,0,0,0
189532163,189792261,0,0,0
189532164,189792262,0,0,0
189532165,189792263,0,0,0
189532166,189792264,0,0,0
189532167,189792265,188744193,0,0
189532417,189792257,0,0,0
189661703,0,0,84805632,84805377
189661704,0,0,84805633,0
189661705,0,0,84805634,0
189661706,0,0,165156880,0
189661707,0,0,147854595,0
189661708,0,0,147854594,0
189661709,0,0,147854593,0
189661710,0,190840832,147854336,0
189792256,0,0,0,120064003
189792257,0,0,189532417,0
189792258,0,0,189532160,0
189792259,0,0,189532161,0
189792260,0,0,189532162,0
189792261,0,0,189532163,0
189792262,0,0,189532164,0
189792263,0,0,189532165,0
189792264,0,0,189532166,0
189792265,0,188744705,189532167,0
189792768,0,0,0,120064515
189792777,0,188745217,0,0
189793289,0,188745729,0,0
189793801,0,188746241,0,0
189794307,190054401,0,0,0
189794309,190054403,0,0,0
189794313,0,188746753,0,0
189794825,0,193332225,0,0
189795335,0,0,0,190054916
189795337,0,193331713,0,0
190054401,0,0,189794307,0
190054403,0,0,189794309,0
190054916,0,189795335,0,0
190055943,0,193200641,0,0
190578688,0,0,190843392,188744711
190578689,0,0,190843393,0
190578690,0,0,190843394,0
190578691,0,0,190843395,0
190578692,0,0,190843396,0
190578693,0,0,190843397,0
190579200,0,0,0,188745223
190579205,0,68552449,0,0
190579712,0,0,0,188745735
190580224,0,0,0,188746247
190580736,0,0,0,188746759
190581248,0,0,0,193332231
190581760,0,0,0,193331719
190582272,0,0,0,193200135
190582784,0,0,0,193200647
190710278,0,0,70778880,190843397
190840832,0,0,147854337,189661710
190840833,0,0,147854338,0
190840834,0,0,147854339,0
190840835,0,0,147854340,0
190840836,0,0,147854341,0
190841344,0,0,0,189530126
190841856,0,0,0,189530638
190842368,0,0,0,189531150
190842880,0,0,0,188743687
190843392,190578688,0,0,188744199
190843393,190578689,0,0,0
190843394,190578690,0,0,0
190843395,190578691,0,0,0
190843396,190578692,0,0,0
190843397,190578693,190710278,0,0
190972421,0,0,185860608,147854341
190972422,0,0,185860609,0
191102976,191104000,191102978,0,0
191102978,191104002,191102980,188744196,191102976
191102980,191104004,0,0,0
191104000,191105024,191104002,191102976,188745218
191104002,191105026,191104004,191102978,191104000
191104004,191105028,0,191102980,191104002
191105024,191106048,191105026,191104000,0
191105026,191106050,191105028,191104002,191105024
191105028,191106052,188745734,191104004,191105026
191106048,0,191106050,191105024,0
191106050,188746756,191106052,191105026,191106048
191106052,0,0,191105028,191106050
192151552,189530123,0,0,0
192416776,0,191106048,191106048,0
192417798,188744705,0,0,0
193200131,0,0,193331715,0
193200135,0,190582272,0,0
193200641,0,0,0,190055943
193200647,0,190582784,0,0
193201153,189399809,0,0,0
193331713,0,0,0,189795337
193331715,193200131,0,0,0
193331716,0,0,0,193331715
193331719,0,190581760,0,0
193332225,0,0,188746753,189794825
193332226,0,0,188746754,0
193332227,0,0,188746755,0
193332228,0,0,188746756,0
193332229,0,0,188746757,0
193332230,0,0,188746758,0
193332231,0,190581248,188746759,0
193727488,0,193727490,0,0
193727490,0,0,0,193727488
194772992,194774016,0,194905088,0
194772994,0,194772996,0,60038146
194772996,0,0,0,194772994
194773250,194774274,0,0,0
194774016,194775040,194774018,194772992,0
194774018,194775042,0,0,0
194774274,194775298,0,194773250,0
194775040,194776064,194776064,194774016,0
194775042,194776066,0,194774018,0
194775044,194776068,194776068,194775046,0
194775046,0,0,0,194775044
194775298,194776322,194774274,194774274,0
194776064,0,0,194775040,0
194776066,194777090,0,194775042,0
194776068,194777092,194776070,194775044,0
194776070,194777094,0,194776068,0
194776322,0,0,194775298,0
194777090,194778114,0,194776066,0
194777092,0,194777094,194776068,0
194777094,0,0,194776070,194777092
194778114,194779138,0,194777090,0
194779138,0,194778114,194778114,0
195297280,195298304,0,0,195298304
195297282,0,0,0,195298306
195297284,195298308,195429378,195429378,0
195297286,0,0,195298310,195299334
195298304,0,195297280,195297280,0
195298306,195299330,195297282,0,0
195298308,0,0,195297284,0
195299328,0,195298304,0,0
195299330,0,0,195298306,195429378
195299332,195429380,195429380,0,195300354
195299334,0,0,0,195300358
195299338,0,0,172753413,0
195300354,0,0,195299332,0
195301376,0,0,195301378,0
195301380,0,0,195301382,0
195301384,195302408,0,0,0
195301386,0,0,134659,0
195301388,0,0,134659,0
195302410,195302408,0,0,0
195429378,195297284,195299330,0,0
195429380,195298308,0,195299332,0
196083714,196084738,0,0,0
196083718,0,196084742,0,0
196083722,196084746,0,0,0
196083724,0,0,0,196084748
196084736,0,0,0,196083712
196084738,0,0,196083714,0
196084742,0,0,0,196083718
196084746,0,0,196083722,0
196084748,0,196083724,0,0
196085760,0,0,196086784,0
196085764,0,196086788,0,0
196085766,0,0,0,196086790
196085768,0,0,0,196086792
196085770,0,0,196086794,0
196086784,0,0,0,196085760
196086788,0,0,0,196085764
196086790,0,196085766,0,0
196086792,0,196085768,0,0
196086794,196085770,0,0,0
196215820,0,196216844,0,0
196216844,0,0,0,196215820
196346369,0,0,0,197264392
196346370,197002244,0,0,0
196346884,0,0,0,197002246
196346886,196870156,0,0,0
196608000,0,0,197264390,0
196608006,0,196609030,0,0
196609024,196609282,0,0,0
196609026,0,0,196609282,0
196609282,0,0,197264388,0
196870144,196871168,196870146,0,0
196870146,196871170,196870148,0,196870144
196870148,196871172,196870150,0,196870146
196870150,196871174,196870152,197002246,196870148
196870152,196871176,196870154,0,196870150
196870154,196871178,196870156,0,196870152
196870156,0,0,196346886,196870154
196871168,0,196871170,196870144,0
196871170,0,196871172,196870146,196871168
196871172,0,196871174,196870148,196871170
196871174,0,196871176,196870150,196871172
196871176,0,196871178,196870152,196871174
196871178,0,0,196870154,196871176
197002244,0,197002246,196346370,0
197002246,196870150,196346884,0,197002244
197132288,0,197132290,0,0
197132290,0,0,0,197132288
197132292,197133316,0,197264388,0
197132294,197133318,197132296,197264390,0
197132296,0,197132298,197264392,197132294
197132298,0,196870146,0,197132296
197133314,0,197133316,0,0
197133316,0,197133318,197132292,197133314
197133318,0,0,197132294,197133316
197264386,0,197264388,0,0
197264388,197132292,197264390,0,197264386
197264390,197132294,197264392,0,197264388
197264392,197132296,196346369,0,197264390
197918720,197919744,197918722,0,0
197918722,197919746,197918724,0,197918720
197918724,197919748,0,0,197918722
197918978,197922050,0,0,197920002
197919744,0,197919746,197918720,0
197919746,0,197919748,197918722,197919744
197919748,0,0,197918724,197919746
197920002,0,197918978,197921026,0
197922050,0,0,197918978,0
198443008,0,198443010,198575104,198443266
198443010,0,198443012,198575106,198443008
198443012,0,198443014,0,198443010
198443014,198444038,0,198575110,198443012
198443266,198444290,198443008,0,0
198444038,198445062,198444040,198443014,0
198444040,0,0,0,198444038
198444290,198445314,0,198443266,0
198445062,198446086,0,198444038,0
198445314,198446338,0,198444290,0
198446080,198447104,198446082,0,198446338
198446082,198447106,198446084,0,198446080
198446084,0,198446086,0,198446082
198446086,0,0,198445062,198446084
198446338,0,198446080,198445314,0
198447104,0,198447106,198446080,0
198447106,0,0,198446082,198447104
198575104,198443008,198575106,0,0
198575106,198443010,0,0,198575104
198575110,198443014,0,0,0
200802304,200807424,200803328,200803328,0
200802308,200803328,200804354,0,0
200803328,200802304,200802308,0,0
200803330,0,200804354,0,0
200803332,0,200804354,0,0
200804352,0,0,200802304,0
200804354,200803332,200807426,0,200803332
201068546,201069570,201068548,0,0
201068548,0,0,0,201068546
201069568,0,201069570,0,0
201069570,201070594,0,201068546,201069568
201070594,0,0,201069570,0
201327874,0,201327616,0,0
201329666,0,0,201328642,0
201458688,201326592,0,0,0
201591043,201592067,0,0,0
201591809,0,201592065,0,0
201592065,0,0,0,201592067
201592067,0,201592065,201591043,0
202114048,202115584,202114050,202244608,0
202114050,202115586,202114052,202244610,202114048
202114052,202115588,202114054,202244612,202114050
202114054,0,0,202244614,202114052
202115584,0,202115586,202114048,0
202115586,0,202115588,202114050,202115584
202115588,0,0,202114052,202115586
202244608,202114048,202244610,0,0
202244610,202114050,202244612,202246146,202244608
202244612,202114052,202244614,202246148,202244610
202244614,202114054,0,202246150,202244612
202246146,202244610,202246148,0,0
202246148,202244612,202246150,0,202246146
202246150,202244614,0,202247686,202246148
202247686,202246150,0,0,0
202899464,0,0,188484104,0
203685888,203687170,0,0,0
203687170,0,203685888,203685888,0
203687174,0,203688196,0,0
203688196,203689218,0,0,203689222
203689222,0,0,203688196,0
204212224,204213248,0,0,0
204212226,204213250,0,0,0
204212228,204213252,0,0,0
204213248,0,0,204212224,0
204213250,0,0,204212226,0
204213252,0,0,204212228,0
204998401,0,204998656,0,0
204998403,0,0,0,206307844
204998915,205258752,0,0,206308356
204999425,0,204999168,0,0
205258752,0,0,204998915,206308868
205259264,0,0,0,206309380
205260033,0,0,206309380,205520903
205261057,0,0,0,205521927
205261570,0,0,0,205522438
205520902,0,0,206309378,0
205520903,0,205260033,206309379,0
205521927,0,205261057,0,0
205522438,0,205261570,0,0
206045698,209191171,0,0,0
206045703,206307329,206438914,0,0
206046721,0,206045187,0,206046723
206046723,0,206046721,0,0
206307329,0,0,206045703,0
206307844,0,204998403,0,0
206308353,211026946,0,0,211025920
206308356,0,204998915,0,0
206308868,0,205258752,0,0
206309378,205520902,0,0,0
206309379,205520903,0,0,0
206309380,205260033,205259264,0,0
206438914,0,0,0,206045703
206833667,0,0,0,207094788
207094274,0,206833153,0,0
207094788,0,206833667,0,0
207094791,0,0,206833157,0
207225346,0,206832129,0,0
207620098,0,0,206307841,0
207620106,209455108,205521409,0,0
207620108,207621132,0,0,0
207621130,0,207620106,0,0
207622154,207623178,0,205521923,0
207623178,0,0,207622154,0
209190912,0,206307328,0,0
209191171,0,0,206045698,0
209191175,209192198,0,0,0
209191424,0,206307840,0,0
209192198,0,0,209191175,0
209193217,205520898,0,0,0
209193218,205520897,0,0,0
209453064,0,207095297,0,0
209454082,209455106,0,0,0
209455108,0,207620106,0,0
209455112,0,209455108,0,0
209456128,0,0,207225346,0
209456134,0,0,206309378,0
210501635,0,210502152,0,0
210502145,210503170,0,0,0
210502146,210503172,0,0,0
210502147,210503174,0,0,0
210502148,210503176,210764548,210502152,0
210502152,210502148,210764036,210633220,210501635
210503170,210765576,210503172,210502145,0
210503172,210765575,210503174,210502146,210503170
210503174,210765574,210503176,210502147,210503172
210503176,210765573,210765060,210502148,210503174
210633220,210502152,210897156,0,0
210633733,210897156,0,0,0
210633734,210896131,0,0,0
210633735,210897154,0,0,0
210633736,210896129,0,0,0
210764033,0,0,210896129,0
210764034,0,0,210897154,0
210764035,0,0,210896131,0
210764036,0,0,210897156,210502152
210764548,0,0,0,210502148
210765060,0,0,0,210503176
210765573,0,0,210503176,0
210765574,0,0,210503174,0
210765575,0,0,210503172,0
210765576,0,0,210503170,0
210896129,210764033,0,210633736,210897154
210896131,210764035,210897154,210633734,210897156
210897154,210764034,210896129,210633735,210896131
210897156,210764036,210896131,210633733,210633220
211025920,0,206308353,0,0
211026178,211027202,0,0,0
211026944,211027968,0,0,211027202
211026946,0,0,206308353,0
211027202,0,211026944,211026178,0
211027968,0,211027970,211026944,0
211027970,0,0,0,211027968
211028226,0,211026944,0,0
211288068,0,210764548,0,0
211289094,210896131,210633735,210634246,210633733
211290116,0,0,210765575,0
211292160,211293184,0,0,0
211293184,211294208,0,0,0
212074498,212075522,0,212206594,0
212075522,212076546,0,212074498,0
212076546,212077570,0,212075522,0
212077570,0,0,212076546,0
212206594,212074498,0,0,0
212598787,0,212599301,0,0
212599296,0,0,0,212599555
212599301,0,0,0,212598787
212599555,212600065,212599296,212730626,0
212599811,0,212600325,0,0
212600065,0,0,212599555,0
212600321,212601346,0,0,0
212600322,212601347,0,0,0
212600323,212601348,212600837,0,0
212600839,212601864,212601353,0,0
212601344,212603138,0,0,0
212601346,0,0,212600321,0
212601350,0,212601864,0,0
212601861,212602886,0,0,0
212601864,0,0,212600839,212601350
212602114,159648259,212603138,0,159647746
212602376,0,212602890,0,0
212602886,0,0,212601861,0
212602890,0,212603914,212602376,0
212603138,0,0,212601344,212602114
212603914,212603916,0,212602890,0
212603916,159649808,0,212603914,0
212730370,0,0,0,212730880
212730373,0,0,212731910,212731397
212730626,212599555,0,212731651,0
212730627,0,0,212731652,0
212730880,0,212730370,0,0
212731137,0,0,0,212731651
212731397,0,212730373,0,0
212731649,0,0,0,212732163
212731651,212730626,212731137,0,0
212731652,212730627,0,0,0
212731910,212730373,0,0,0
212732163,0,212731649,0,0
212733190,0,219284480,0,0
212860930,212861954,0,0,0
212860931,212861955,0,0,0
212861952,0,212861954,0,0
212861954,0,0,212860930,0
212861955,0,0,212860931,0
212862210,172232193,0,0,0
212862466,212863490,0,0,0
212862467,0,212862469,0,0
212862471,0,0,172231692,0
212863490,0,0,212862466,0
212863491,0,0,212862467,0
212864008,0,0,172233229,0
212864515,172235272,0,0,0
212993026,0,0,172229125,0
213910274,213910788,0,0,0
214958850,0,0,0,214960640
214959873,0,0,0,214961665
214960640,0,214958850,0,214962689
214961665,0,214959873,0,0
214962179,0,214963200,0,0
216269312,0,0,216400384,216269570
216269570,216270594,216269312,0,0
216269572,0,0,216400644,0
216269576,0,0,216400648,0
216270594,0,0,216269570,0
216400384,216269312,0,216401408,0
216400644,216269572,0,216401668,0
216400648,216269576,0,216401672,0
216401408,216400384,0,0,0
216401666,0,0,0,216401668
216401668,216400644,216401666,0,216401670
216401670,0,216401668,0,0
216401672,216400648,0,216402696,0
216530950,0,0,216663046,216530948
216663046,216530950,0,0,0
216793601,216794625,0,216924673,0
216793610,216794632,0,216924682,216924682
216794625,216794627,0,216793601,0
216794627,0,216794629,0,216794625
216794629,0,0,0,216794627
216924673,216793601,0,219415040,0
216924682,216793610,216925706,0,0
216925697,0,0,216926723,0
216925706,216924682,0,216926729,0
216926723,0,0,216926725,0
216926725,0,216926727,0,216926723
216926727,216926725,216926729,0,0
216926729,216925706,0,216926727,0
217063424,217064448,0,0,0
217064448,0,0,217063424,0
219415552,0,219415554,0,0
219415554,0,219415556,0,219415552
219415556,0,219415558,0,219415554
219415558,0,0,0,219415556
219416584,0,0,219415558,0
219417088,0,219417090,0,219417346
219417090,0,0,0,219417088
219417346,0,219417088,0,0
219546624,0,219546626,0,219546882
219546626,0,219546628,0,219546624
219546628,0,219546630,0,219546626
219546630,0,0,0,219546628
219546882,0,219546624,0,0
220987393,0,0,0,221511680
220987399,0,0,221511685,0
220987401,0,221511688,0,0
220989956,0,0,0,221512707
221118979,0,0,221643779,0
221249538,0,220987396,0,0
221251588,0,0,220988932,0
221511680,0,0,73405452,133644
221511686,0,84410626,0,0
221511688,0,84410880,0,0
221512192,88213770,0,0,133132
221512194,0,0,0,88212745
221512200,0,84411392,0,0
221512706,88080648,0,0,88212233
221512707,88080647,0,0,0
221512712,88212992,0,0,0
221643266,0,0,0,73405453
221643270,0,84542210,0,0
221643778,0,0,73404430,73404941
221643779,0,0,73404431,0
221643780,0,0,73404432,0
222298113,0,101187584,0,0
222561282,0,188743682,0,0
222562310,0,0,188743682,0
222563330,0,188743682,0,0
222564354,0,0,0,188743682
222564358,0,0,188743682,0
222568448,0,0,165151748,165152259
222568449,0,0,165151749,0
222568450,0,165152263,165151750,0
222568960,165153284,0,0,165152771
222568961,165153285,0,0,0
222568962,165153286,165152775,0,0
223085071,0,0,223216143,0
223085077,223086101,0,0,0
223086088,223087112,0,0,0
223086090,223087114,0,0,0
223086095,0,0,223085071,0
223087112,0,0,223086088,0
223087114,0,0,223086090,0
223216143,223085071,0,0,0
223217153,223216129,0,0,0
223217160,223216136,0,0,0
223218195,223217171,0,0,0
223346688,223347712,0,0,0
223346954,0,223478536,0,223479050
223346956,0,0,223479052,0
223347463,0,0,223479559,0
223347712,223348736,0,223346688,223347970
223347970,0,223347712,0,0
223347978,0,0,223479050,0
223348736,0,0,223347712,0
223349002,223350026,0,0,0
223350026,0,0,223349002,223350028
223350028,0,223350026,0,0
223478536,0,0,223479560,223346954
223479050,223347978,223346954,0,223479052
223479052,223346956,223479050,0,0
223479559,223347463,0,0,0
223479560,223478536,0,0,0
223479562,0,0,223480587,0
223480073,0,0,0,223480587
223480587,223479562,223480073,223481611,0
223481611,223480587,0,223482635,223481613
223481613,0,223481611,0,0
223482635,223481611,0,0,0
224657409,0,0,0,224658177
224658177,0,224657409,0,0
224658181,0,224658179,0,0
224658185,224658183,0,0,0
224659201,224660225,0,0,0
224659205,224660229,0,0,0
224659207,224660233,0,0,0
224660225,0,0,224659201,224660227
224660227,0,224660225,0,224660229
224660229,0,224660227,224659205,0
224660233,0,224659207,0,0
224789507,0,224790021,224790532,0
224790021,0,0,0,224789507
224790532,224789507,0,0,0
224923910,0,224790532,0,0
225313792,0,0,223216145,0
226230785,226231809,0,0,0
226231809,226232833,0,226230785,0
226232833,0,226232835,226231809,0
226232835,0,226232837,0,226232833
226232837,0,0,0,226232835
226492929,0,0,223481613,0
226494977,0,226494979,226493953,0
227278848,227279106,0,0,0
227279106,0,0,227278848,227279108
227279108,227280132,227279106,223085059,0
227279872,0,0,0,227280644
227280130,0,227281154,0,0
227280132,0,0,227279108,0
227280644,0,227279872,0,0
227281154,0,0,0,227280130
229900288,229901312,0,230032384,0
229901312,0,0,229900288,0
230032384,229900288,0,0,0
232259584,0,0,60032000,0
232260608,0,0,232259584,0
234622214,0,0,0,235405317
234622721,234623745,0,0,0
234623745,234623747,234622721,0,0
234623747,234623750,234623745,0,0
234623750,0,0,234623747,0
234750978,0,0,234751491,0
234751491,234750978,0,234752517,0
234751496,0,0,234753031,0
234752517,234751491,234753031,0,0
234753031,234751496,0,0,234752517
235405317,0,234622214,235537413,0
235405571,0,235406081,0,0
235405573,0,235406083,0,0
235406081,0,0,0,235405571
235536898,0,0,235537412,235536897
235537412,235536898,0,0,0
235537413,235405317,0,0,0
235667968,235669504,0,234620929,0
235669504,0,0,235667968,0
235669509,235405313,235405313,0,0
235799557,0,235146498,235146498,0
237240320,234623747,0,0,0
238292992,238294016,238293252,238295040,238293250
238293250,238294274,238292992,238295298,238293252
238293252,238294276,238293250,238295300,238292992
238294016,238295040,238294276,238292992,238294274
238294274,238295298,238294016,238293250,238294276
238294276,238295300,238294274,238293252,238294016
238295040,238292992,238295300,238294016,238295298
238295298,238293250,238295040,238294274,238295300
238295300,238293252,238295298,238294276,238295040
238297355,0,0,238297357,0
238297357,0,238297355,238297355,0
238551040,0,0,238683394,0
238683394,238551040,0,0,0
241443329,241444353,0,0,0
241444353,241445377,0,241443329,0
241445377,0,0,241444353,0
