# Los nombres reales de los mensajes, sacados de global-metadata.dat de 3.6.10.10.
#
# El ofuscador renombra las clases a tres letras pero deja estas cadenas en el fichero, en la
# region fieldAndParameterDefaultValueData. Estan huerfanas: NADIE las referencia (comprobado
# contra las tablas de valores por defecto: 3 coincidencias de 2.687, o sea ruido). Asi que no
# se puede saber por el cliente cual va con cual.
#
# Sirven igual: son la lista CERRADA de nombres validos de esta version. Bautizar un opcode deja
# de ser inventar y pasa a ser elegir de una lista de 513.
#
# nombre_corto\tnombre_completo
AcquaintanceServersResponse	Com.Ankama.Dofus.Server.Connection.Protocol.AcquaintanceServersResponse
CharacterInformation	Com.Ankama.Dofus.Server.Connection.Protocol.CharacterInformation
FriendListResponse	Com.Ankama.Dofus.Server.Connection.Protocol.FriendListResponse
IdentificationResponse	Com.Ankama.Dofus.Server.Connection.Protocol.IdentificationResponse
SelectServerResponse	Com.Ankama.Dofus.Server.Connection.Protocol.SelectServerResponse
Server	Com.Ankama.Dofus.Server.Connection.Protocol.Server
ServerInformation	Com.Ankama.Dofus.Server.Connection.Protocol.ServerInformation
ServerList	Com.Ankama.Dofus.Server.Connection.Protocol.ServerList
TokenRequest	Com.Ankama.Dofus.Server.Connection.Protocol.TokenRequest
AccountCapabilitiesEvent	Com.Ankama.Dofus.Server.Game.Protocol.Account.AccountCapabilitiesEvent
AccountInformationUpdateEvent	Com.Ankama.Dofus.Server.Game.Protocol.Account.AccountInformationUpdateEvent
AccountRightsEvent	Com.Ankama.Dofus.Server.Game.Protocol.Account.AccountRightsEvent
GuestLimitationEvent	Com.Ankama.Dofus.Server.Game.Protocol.Account.GuestLimitationEvent
GuestModeEvent	Com.Ankama.Dofus.Server.Game.Protocol.Account.GuestModeEvent
SubscriptionLimitationEvent	Com.Ankama.Dofus.Server.Game.Protocol.Account.SubscriptionLimitationEvent
SubscriptionZoneEvent	Com.Ankama.Dofus.Server.Game.Protocol.Account.SubscriptionZoneEvent
Achievement	Com.Ankama.Dofus.Server.Game.Protocol.Achievement.Achievement
AchievementRewardRequest	Com.Ankama.Dofus.Server.Game.Protocol.Achievement.AchievementRewardRequest
AchievementRewardResultEvent	Com.Ankama.Dofus.Server.Game.Protocol.Achievement.AchievementRewardResultEvent
AchievementsPioneerRanksResponse	Com.Ankama.Dofus.Server.Game.Protocol.Achievement.AchievementsPioneerRanksResponse
ConsoleMessage	Com.Ankama.Dofus.Server.Game.Protocol.Admin.Console.ConsoleMessage
KOTHUpdateEvent	Com.Ankama.Dofus.Server.Game.Protocol.Alliance.Conquest.KOTHUpdateEvent
NuggetsBeneficiary	Com.Ankama.Dofus.Server.Game.Protocol.Alliance.Conquest.NuggetsBeneficiary
AllianceBulletinEvent	Com.Ankama.Dofus.Server.Game.Protocol.Alliance.Information.AllianceBulletinEvent
AllianceFactsRequest	Com.Ankama.Dofus.Server.Game.Protocol.Alliance.Information.AllianceFactsRequest
AllianceMemberStartWarningOnConnectionRequest	Com.Ankama.Dofus.Server.Game.Protocol.Alliance.Information.AllianceMemberStartWarningOnConnectionRequest
AllianceSummaryEvent	Com.Ankama.Dofus.Server.Game.Protocol.Alliance.Information.AllianceSummaryEvent
AllianceSummaryRequest	Com.Ankama.Dofus.Server.Game.Protocol.Alliance.Information.AllianceSummaryRequest
CalendarSummaryResponse	Com.Ankama.Dofus.Server.Game.Protocol.Alliance.Information.CalendarSummaryResponse
AllianceMemberLeavingEvent	Com.Ankama.Dofus.Server.Game.Protocol.Alliance.Member.AllianceMemberLeavingEvent
AllianceRankCreationRequest	Com.Ankama.Dofus.Server.Game.Protocol.Alliance.Rank.AllianceRankCreationRequest
AllianceRanksRequest	Com.Ankama.Dofus.Server.Game.Protocol.Alliance.Rank.AllianceRanksRequest
AllianceApplicationListEvent	Com.Ankama.Dofus.Server.Game.Protocol.Alliance.Recruitment.AllianceApplicationListEvent
AllianceApplicationListenRequest	Com.Ankama.Dofus.Server.Game.Protocol.Alliance.Recruitment.AllianceApplicationListenRequest
AllianceApplicationPresenceEvent	Com.Ankama.Dofus.Server.Game.Protocol.Alliance.Recruitment.AllianceApplicationPresenceEvent
AllianceApplicationResponseEvent	Com.Ankama.Dofus.Server.Game.Protocol.Alliance.Recruitment.AllianceApplicationResponseEvent
Alteration	Com.Ankama.Dofus.Server.Game.Protocol.Alteration.Alteration
AlterationAddedEvent	Com.Ankama.Dofus.Server.Game.Protocol.Alteration.AlterationAddedEvent
AnomalySubareaInformationEvent	Com.Ankama.Dofus.Server.Game.Protocol.Anomaly.AnomalySubareaInformationEvent
ArenaFighterStatusEvent	Com.Ankama.Dofus.Server.Game.Protocol.Arena.ArenaFighterStatusEvent
ArenaLeagueRewardsEvent	Com.Ankama.Dofus.Server.Game.Protocol.Arena.ArenaLeagueRewardsEvent
ArenaRegistrationStatusEvent	Com.Ankama.Dofus.Server.Game.Protocol.Arena.ArenaRegistrationStatusEvent
ArenaStateResponse	Com.Ankama.Dofus.Server.Game.Protocol.Arena.ArenaStateResponse
ArenaUpdatePlayerInformationEvent	Com.Ankama.Dofus.Server.Game.Protocol.Arena.ArenaUpdatePlayerInformationEvent
SurrenderInfoResponse	Com.Ankama.Dofus.Server.Game.Protocol.Arena.SurrenderInfoResponse
SurrenderVoteCastRequest	Com.Ankama.Dofus.Server.Game.Protocol.Arena.SurrenderVoteCastRequest
CompassUpdateEvent	Com.Ankama.Dofus.Server.Game.Protocol.Atlas.CompassUpdateEvent
BakCancelBidRequest	Com.Ankama.Dofus.Server.Game.Protocol.Bak.BakCancelBidRequest
BakConsumeBufferRequest	Com.Ankama.Dofus.Server.Game.Protocol.Bak.BakConsumeBufferRequest
BakTransactionValidationEvent	Com.Ankama.Dofus.Server.Game.Protocol.Bak.BakTransactionValidationEvent
DateEvent	Com.Ankama.Dofus.Server.Game.Protocol.Basic.DateEvent
TextInformationEvent	Com.Ankama.Dofus.Server.Game.Protocol.Basic.TextInformationEvent
WhoIsNumericEvent	Com.Ankama.Dofus.Server.Game.Protocol.Basic.WhoIsNumericEvent
Bonus	Com.Ankama.Dofus.Server.Game.Protocol.Bonus.Bonus
CardInfoRequest	Com.Ankama.Dofus.Server.Game.Protocol.Card.CardInfoRequest
CardInfoResponse	Com.Ankama.Dofus.Server.Game.Protocol.Card.CardInfoResponse
CardOpenOutfitDraftResponse	Com.Ankama.Dofus.Server.Game.Protocol.Card.CardOpenOutfitDraftResponse
CardViewRequest	Com.Ankama.Dofus.Server.Game.Protocol.Card.CardViewRequest
CardViewResponse	Com.Ankama.Dofus.Server.Game.Protocol.Card.CardViewResponse
ChangeBackgroundCardRequest	Com.Ankama.Dofus.Server.Game.Protocol.Card.ChangeBackgroundCardRequest
ChangeBackgroundCardResponse	Com.Ankama.Dofus.Server.Game.Protocol.Card.ChangeBackgroundCardResponse
ChangeEnabledViewResponse	Com.Ankama.Dofus.Server.Game.Protocol.Card.ChangeEnabledViewResponse
ChangeHighlightedJobsResponse	Com.Ankama.Dofus.Server.Game.Protocol.Card.ChangeHighlightedJobsResponse
ChallengeListEvent	Com.Ankama.Dofus.Server.Game.Protocol.Challenge.ChallengeListEvent
ChallengeNumberEvent	Com.Ankama.Dofus.Server.Game.Protocol.Challenge.ChallengeNumberEvent
ChallengeReadyRequest	Com.Ankama.Dofus.Server.Game.Protocol.Challenge.ChallengeReadyRequest
ChallengeSelectedEvent	Com.Ankama.Dofus.Server.Game.Protocol.Challenge.ChallengeSelectedEvent
CharacterCharacteristicUpgradeResultEvent	Com.Ankama.Dofus.Server.Game.Protocol.Character.CharacterCharacteristicUpgradeResultEvent
CharacterExperienceGainEvent	Com.Ankama.Dofus.Server.Game.Protocol.Character.CharacterExperienceGainEvent
CharacterLifeStatusEvent	Com.Ankama.Dofus.Server.Game.Protocol.Character.CharacterLifeStatusEvent
CharacterOnConnectionEvent	Com.Ankama.Dofus.Server.Game.Protocol.Character.CharacterOnConnectionEvent
CharacterDeletionErrorEvent	Com.Ankama.Dofus.Server.Game.Protocol.Character.Management.CharacterDeletionErrorEvent
CharacterNameGenerationFailedEvent	Com.Ankama.Dofus.Server.Game.Protocol.Character.Management.CharacterNameGenerationFailedEvent
CharacterSelectionEvent	Com.Ankama.Dofus.Server.Game.Protocol.Character.Management.CharacterSelectionEvent
ChatErrorEvent	Com.Ankama.Dofus.Server.Game.Protocol.Chat.ChatErrorEvent
ChatPrivateCopyMessageEvent	Com.Ankama.Dofus.Server.Game.Protocol.Chat.ChatPrivateCopyMessageEvent
MonsterGroup	Com.Ankama.Dofus.Server.Game.Protocol.Chat.MonsterGroup
ChoiceCancelRequest	Com.Ankama.Dofus.Server.Game.Protocol.Choice.ChoiceCancelRequest
ChoiceCancelResponse	Com.Ankama.Dofus.Server.Game.Protocol.Choice.ChoiceCancelResponse
FightChoiceSelectionEvent	Com.Ankama.Dofus.Server.Game.Protocol.Choice.FightChoiceSelectionEvent
ClickStopListeningEvent	Com.Ankama.Dofus.Server.Game.Protocol.Click.ClickStopListeningEvent
ClientChallengeProofRequest	Com.Ankama.Dofus.Server.Game.Protocol.Client.Verification.ClientChallengeProofRequest
ServerSessionReadyEvent	Com.Ankama.Dofus.Server.Game.Protocol.Client.Verification.ServerSessionReadyEvent
ActorPositionInformation	Com.Ankama.Dofus.Server.Game.Protocol.Common.ActorPositionInformation
AlignmentInformation	Com.Ankama.Dofus.Server.Game.Protocol.Common.AlignmentInformation
AllianceInformation	Com.Ankama.Dofus.Server.Game.Protocol.Common.AllianceInformation
BidActivity	Com.Ankama.Dofus.Server.Game.Protocol.Common.BidActivity
Challenge	Com.Ankama.Dofus.Server.Game.Protocol.Common.Challenge
ChallengeTarget	Com.Ankama.Dofus.Server.Game.Protocol.Common.ChallengeTarget
Character	Com.Ankama.Dofus.Server.Game.Protocol.Common.Character
CharacterCharacteristicValue	Com.Ankama.Dofus.Server.Game.Protocol.Common.CharacterCharacteristicValue
CharacterRemodelingInformation	Com.Ankama.Dofus.Server.Game.Protocol.Common.CharacterRemodelingInformation
CharacterStatus	Com.Ankama.Dofus.Server.Game.Protocol.Common.CharacterStatus
CharacteristicsInfo	Com.Ankama.Dofus.Server.Game.Protocol.Common.CharacteristicsInfo
EntityLook	Com.Ankama.Dofus.Server.Game.Protocol.Common.EntityLook
FightMark	Com.Ankama.Dofus.Server.Game.Protocol.Common.FightMark
FightPhaseInfo	Com.Ankama.Dofus.Server.Game.Protocol.Common.FightPhaseInfo
FightRemovableEffect	Com.Ankama.Dofus.Server.Game.Protocol.Common.FightRemovableEffect
FightResultListEntry	Com.Ankama.Dofus.Server.Game.Protocol.Common.FightResultListEntry
FightTeamLightInformation	Com.Ankama.Dofus.Server.Game.Protocol.Common.FightTeamLightInformation
FightTeamMemberCharacter	Com.Ankama.Dofus.Server.Game.Protocol.Common.FightTeamMemberCharacter
FightTeamMemberEntity	Com.Ankama.Dofus.Server.Game.Protocol.Common.FightTeamMemberEntity
FightTriggerPhaseEffect	Com.Ankama.Dofus.Server.Game.Protocol.Common.FightTriggerPhaseEffect
FighterEntityLightInformation	Com.Ankama.Dofus.Server.Game.Protocol.Common.FighterEntityLightInformation
GuildInformation	Com.Ankama.Dofus.Server.Game.Protocol.Common.GuildInformation
GuildLogbookEntry	Com.Ankama.Dofus.Server.Game.Protocol.Common.GuildLogbookEntry
House	Com.Ankama.Dofus.Server.Game.Protocol.Common.House
InteractiveElement	Com.Ankama.Dofus.Server.Game.Protocol.Common.InteractiveElement
ItemMinimalInformation	Com.Ankama.Dofus.Server.Game.Protocol.Common.ItemMinimalInformation
MapExtendedCoordinates	Com.Ankama.Dofus.Server.Game.Protocol.Common.MapExtendedCoordinates
ObjectEffect	Com.Ankama.Dofus.Server.Game.Protocol.Common.ObjectEffect
ObjectGidWithQuantity	Com.Ankama.Dofus.Server.Game.Protocol.Common.ObjectGidWithQuantity
ObjectInRolePlay	Com.Ankama.Dofus.Server.Game.Protocol.Common.ObjectInRolePlay
ObjectUidWithQuantity	Com.Ankama.Dofus.Server.Game.Protocol.Common.ObjectUidWithQuantity
PartyEntity	Com.Ankama.Dofus.Server.Game.Protocol.Common.PartyEntity
PlayerSearch	Com.Ankama.Dofus.Server.Game.Protocol.Common.PlayerSearch
PrismCristal	Com.Ankama.Dofus.Server.Game.Protocol.Common.PrismCristal
PrismInformation	Com.Ankama.Dofus.Server.Game.Protocol.Common.PrismInformation
RankInformation	Com.Ankama.Dofus.Server.Game.Protocol.Common.RankInformation
ShortcutSpell	Com.Ankama.Dofus.Server.Game.Protocol.Common.ShortcutSpell
SocialApplicationInformation	Com.Ankama.Dofus.Server.Game.Protocol.Common.SocialApplicationInformation
SocialFightInformation	Com.Ankama.Dofus.Server.Game.Protocol.Common.SocialFightInformation
SubEntityInformation	Com.Ankama.Dofus.Server.Game.Protocol.Common.SubEntityInformation
TaxCollectorComplementaryInformation	Com.Ankama.Dofus.Server.Game.Protocol.Common.TaxCollectorComplementaryInformation
GuildConfiguration	Com.Ankama.Dofus.Server.Game.Protocol.Config.GuildConfiguration
PongEvent	Com.Ankama.Dofus.Server.Game.Protocol.Connection.PongEvent
AcquaintanceInformation	Com.Ankama.Dofus.Server.Game.Protocol.Contact.AcquaintanceInformation
AddContactFailureEvent	Com.Ankama.Dofus.Server.Game.Protocol.Contact.AddContactFailureEvent
BlockEvent	Com.Ankama.Dofus.Server.Game.Protocol.Contact.BlockEvent
BlockListRequest	Com.Ankama.Dofus.Server.Game.Protocol.Contact.BlockListRequest
ContactInformation	Com.Ankama.Dofus.Server.Game.Protocol.Contact.ContactInformation
ContactWarnOnPermanentDeathSetRequest	Com.Ankama.Dofus.Server.Game.Protocol.Contact.ContactWarnOnPermanentDeathSetRequest
FriendAddRequest	Com.Ankama.Dofus.Server.Game.Protocol.Contact.FriendAddRequest
FriendInformation	Com.Ankama.Dofus.Server.Game.Protocol.Contact.FriendInformation
FriendListEvent	Com.Ankama.Dofus.Server.Game.Protocol.Contact.FriendListEvent
FriendSetStatusShareRequest	Com.Ankama.Dofus.Server.Game.Protocol.Contact.FriendSetStatusShareRequest
IgnoreEvent	Com.Ankama.Dofus.Server.Game.Protocol.Contact.IgnoreEvent
IgnoreRequest	Com.Ankama.Dofus.Server.Game.Protocol.Contact.IgnoreRequest
UnBlockEvent	Com.Ankama.Dofus.Server.Game.Protocol.Contact.UnBlockEvent
UnIgnoreEvent	Com.Ankama.Dofus.Server.Game.Protocol.Contact.UnIgnoreEvent
UnIgnoreRequest	Com.Ankama.Dofus.Server.Game.Protocol.Contact.UnIgnoreRequest
WarnOnPermanentDeathStateEvent	Com.Ankama.Dofus.Server.Game.Protocol.Contact.WarnOnPermanentDeathStateEvent
ContextCreationEvent	Com.Ankama.Dofus.Server.Game.Protocol.Context.ContextCreationEvent
ContextQuitRequest	Com.Ankama.Dofus.Server.Game.Protocol.Context.ContextQuitRequest
ContextRemoveElementEvent	Com.Ankama.Dofus.Server.Game.Protocol.Context.ContextRemoveElementEvent
RefreshMonsterBoostsEvent	Com.Ankama.Dofus.Server.Game.Protocol.Context.RefreshMonsterBoostsEvent
ShowCellRequest	Com.Ankama.Dofus.Server.Game.Protocol.Context.ShowCellRequest
CharacterAppearancesRequest	Com.Ankama.Dofus.Server.Game.Protocol.Cosmetic.CharacterAppearancesRequest
CharacterAppearancesResponse	Com.Ankama.Dofus.Server.Game.Protocol.Cosmetic.CharacterAppearancesResponse
CharacterFillSlotColorsResponse	Com.Ankama.Dofus.Server.Game.Protocol.Cosmetic.CharacterFillSlotColorsResponse
CharacterUpdateColorsRequest	Com.Ankama.Dofus.Server.Game.Protocol.Cosmetic.CharacterUpdateColorsRequest
CharacterUpdatedGenderEvent	Com.Ankama.Dofus.Server.Game.Protocol.Cosmetic.CharacterUpdatedGenderEvent
CosmeticInventoriesLoadedEvent	Com.Ankama.Dofus.Server.Game.Protocol.Cosmetic.CosmeticInventoriesLoadedEvent
CosmeticInventoryPopObjectsResponse	Com.Ankama.Dofus.Server.Game.Protocol.Cosmetic.CosmeticInventoryPopObjectsResponse
Outfit	Com.Ankama.Dofus.Server.Game.Protocol.Cosmetic.Outfit
OutfitDraftResponse	Com.Ankama.Dofus.Server.Game.Protocol.Cosmetic.OutfitDraftResponse
OutfitEquipAuraRequest	Com.Ankama.Dofus.Server.Game.Protocol.Cosmetic.OutfitEquipAuraRequest
OutfitEquipFaceResponse	Com.Ankama.Dofus.Server.Game.Protocol.Cosmetic.OutfitEquipFaceResponse
OutfitEquipObjectResponse	Com.Ankama.Dofus.Server.Game.Protocol.Cosmetic.OutfitEquipObjectResponse
OutfitEquipRequest	Com.Ankama.Dofus.Server.Game.Protocol.Cosmetic.OutfitEquipRequest
OutfitEquipResponse	Com.Ankama.Dofus.Server.Game.Protocol.Cosmetic.OutfitEquipResponse
OutfitInvisibilityActivationRequest	Com.Ankama.Dofus.Server.Game.Protocol.Cosmetic.OutfitInvisibilityActivationRequest
OutfitInvisibilityActivationResponse	Com.Ankama.Dofus.Server.Game.Protocol.Cosmetic.OutfitInvisibilityActivationResponse
OutfitRemoveRequest	Com.Ankama.Dofus.Server.Game.Protocol.Cosmetic.OutfitRemoveRequest
OutfitUpdateResponse	Com.Ankama.Dofus.Server.Game.Protocol.Cosmetic.OutfitUpdateResponse
DebtsDeleteEvent	Com.Ankama.Dofus.Server.Game.Protocol.Debt.DebtsDeleteEvent
DebtsUpdateEvent	Com.Ankama.Dofus.Server.Game.Protocol.Debt.DebtsUpdateEvent
DebugHighlightCellsEvent	Com.Ankama.Dofus.Server.Game.Protocol.Debug.DebugHighlightCellsEvent
DebugInClientEvent	Com.Ankama.Dofus.Server.Game.Protocol.Debug.DebugInClientEvent
ChangeAppearanceDialogLeave	Com.Ankama.Dofus.Server.Game.Protocol.Dialog.ChangeAppearanceDialogLeave
ChangeAppearanceDialogStart	Com.Ankama.Dofus.Server.Game.Protocol.Dialog.ChangeAppearanceDialogStart
DialogLeaveEvent	Com.Ankama.Dofus.Server.Game.Protocol.Dialog.DialogLeaveEvent
DungeonJoinMatchmakingRequest	Com.Ankama.Dofus.Server.Game.Protocol.Dungeon.DungeonJoinMatchmakingRequest
DungeonJoinMatchmakingResponse	Com.Ankama.Dofus.Server.Game.Protocol.Dungeon.DungeonJoinMatchmakingResponse
DungeonMatchmakingAcceptDungeonResponse	Com.Ankama.Dofus.Server.Game.Protocol.Dungeon.DungeonMatchmakingAcceptDungeonResponse
DungeonMatchmakingBanEvent	Com.Ankama.Dofus.Server.Game.Protocol.Dungeon.DungeonMatchmakingBanEvent
DungeonMatchmakingExitEvent	Com.Ankama.Dofus.Server.Game.Protocol.Dungeon.DungeonMatchmakingExitEvent
DungeonMatchmakingInformationResponse	Com.Ankama.Dofus.Server.Game.Protocol.Dungeon.DungeonMatchmakingInformationResponse
DungeonMatchmakingInvitationResultEvent	Com.Ankama.Dofus.Server.Game.Protocol.Dungeon.DungeonMatchmakingInvitationResultEvent
DungeonMatchmakingInvitationStatesEvent	Com.Ankama.Dofus.Server.Game.Protocol.Dungeon.DungeonMatchmakingInvitationStatesEvent
DungeonMatchmakingJoinedEvent	Com.Ankama.Dofus.Server.Game.Protocol.Dungeon.DungeonMatchmakingJoinedEvent
DungeonMatchmakingRefuseDungeonRequest	Com.Ankama.Dofus.Server.Game.Protocol.Dungeon.DungeonMatchmakingRefuseDungeonRequest
DungeonSurrenderCooldownEvent	Com.Ankama.Dofus.Server.Game.Protocol.Dungeon.DungeonSurrenderCooldownEvent
DungeonSurrenderEndedEvent	Com.Ankama.Dofus.Server.Game.Protocol.Dungeon.DungeonSurrenderEndedEvent
LockableCodeResultEvent	Com.Ankama.Dofus.Server.Game.Protocol.Element.LockableCodeResultEvent
LockableShowCodeDialogEvent	Com.Ankama.Dofus.Server.Game.Protocol.Element.LockableShowCodeDialogEvent
PurchasableDialogEvent	Com.Ankama.Dofus.Server.Game.Protocol.Element.PurchasableDialogEvent
EmotePlayEvent	Com.Ankama.Dofus.Server.Game.Protocol.Emote.EmotePlayEvent
DecraftResultEvent	Com.Ankama.Dofus.Server.Game.Protocol.Exchange.DecraftResultEvent
ExchangeBidHouseBuyResultEvent	Com.Ankama.Dofus.Server.Game.Protocol.Exchange.ExchangeBidHouseBuyResultEvent
ExchangeBidHouseInListUpdatedEvent	Com.Ankama.Dofus.Server.Game.Protocol.Exchange.ExchangeBidHouseInListUpdatedEvent
ExchangeBidHouseListRequest	Com.Ankama.Dofus.Server.Game.Protocol.Exchange.ExchangeBidHouseListRequest
ExchangeBidHouseTypeRequest	Com.Ankama.Dofus.Server.Game.Protocol.Exchange.ExchangeBidHouseTypeRequest
ExchangeBidPriceEvent	Com.Ankama.Dofus.Server.Game.Protocol.Exchange.ExchangeBidPriceEvent
ExchangeBidSellerStartedEvent	Com.Ankama.Dofus.Server.Game.Protocol.Exchange.ExchangeBidSellerStartedEvent
ExchangeBoughtEvent	Com.Ankama.Dofus.Server.Game.Protocol.Exchange.ExchangeBoughtEvent
ExchangeCraftResultEvent	Com.Ankama.Dofus.Server.Game.Protocol.Exchange.ExchangeCraftResultEvent
ExchangeErrorEvent	Com.Ankama.Dofus.Server.Game.Protocol.Exchange.ExchangeErrorEvent
ExchangeItemAutoCraftStoppedEvent	Com.Ankama.Dofus.Server.Game.Protocol.Exchange.ExchangeItemAutoCraftStoppedEvent
ExchangeLeaveEvent	Com.Ankama.Dofus.Server.Game.Protocol.Exchange.ExchangeLeaveEvent
ExchangeMoneyMovementLimitEvent	Com.Ankama.Dofus.Server.Game.Protocol.Exchange.ExchangeMoneyMovementLimitEvent
ExchangeObjectPutInBagEvent	Com.Ankama.Dofus.Server.Game.Protocol.Exchange.ExchangeObjectPutInBagEvent
ExchangeObjectRemovedEvent	Com.Ankama.Dofus.Server.Game.Protocol.Exchange.ExchangeObjectRemovedEvent
ExchangeObjectTransferListWithQuantityToInventoryRequest	Com.Ankama.Dofus.Server.Game.Protocol.Exchange.ExchangeObjectTransferListWithQuantityToInventoryRequest
ExchangeObjectUseInWorkshopRequest	Com.Ankama.Dofus.Server.Game.Protocol.Exchange.ExchangeObjectUseInWorkshopRequest
ExchangeObjectsSellRequest	Com.Ankama.Dofus.Server.Game.Protocol.Exchange.ExchangeObjectsSellRequest
ExchangeReadyEvent	Com.Ankama.Dofus.Server.Game.Protocol.Exchange.ExchangeReadyEvent
ExchangeRequestedTradeEvent	Com.Ankama.Dofus.Server.Game.Protocol.Exchange.ExchangeRequestedTradeEvent
ExchangeStartedWithPodsEvent	Com.Ankama.Dofus.Server.Game.Protocol.Exchange.ExchangeStartedWithPodsEvent
ExchangeTypesItemsExchangerDescriptionForUserEvent	Com.Ankama.Dofus.Server.Game.Protocol.Exchange.ExchangeTypesItemsExchangerDescriptionForUserEvent
ExchangeWeightEvent	Com.Ankama.Dofus.Server.Game.Protocol.Exchange.ExchangeWeightEvent
RecycleResultEvent	Com.Ankama.Dofus.Server.Game.Protocol.Exchange.RecycleResultEvent
DetailedStatistics	Com.Ankama.Dofus.Server.Game.Protocol.Fight.DetailedStatistics
FightChallengeJoinRefuseEvent	Com.Ankama.Dofus.Server.Game.Protocol.Fight.FightChallengeJoinRefuseEvent
FightControlEvent	Com.Ankama.Dofus.Server.Game.Protocol.Fight.FightControlEvent
FightMapContext	Com.Ankama.Dofus.Server.Game.Protocol.Fight.FightMapContext
FightResume	Com.Ankama.Dofus.Server.Game.Protocol.Fight.FightResume
FightScenarioEvent	Com.Ankama.Dofus.Server.Game.Protocol.Fight.FightScenarioEvent
FightTurnReadyRequest	Com.Ankama.Dofus.Server.Game.Protocol.Fight.FightTurnReadyRequest
FightTurnStartPlayingEvent	Com.Ankama.Dofus.Server.Game.Protocol.Fight.FightTurnStartPlayingEvent
FighterIdentity	Com.Ankama.Dofus.Server.Game.Protocol.Fight.FighterIdentity
FighterResumeInfo	Com.Ankama.Dofus.Server.Game.Protocol.Fight.FighterResumeInfo
FightHumanReadyStateEvent	Com.Ankama.Dofus.Server.Game.Protocol.Fight.Preparation.FightHumanReadyStateEvent
FightJoinRequest	Com.Ankama.Dofus.Server.Game.Protocol.Fight.Preparation.FightJoinRequest
FightOptionUpdateEvent	Com.Ankama.Dofus.Server.Game.Protocol.Fight.Preparation.FightOptionUpdateEvent
FightPlacementSwapPositionsAcceptRequest	Com.Ankama.Dofus.Server.Game.Protocol.Fight.Preparation.FightPlacementSwapPositionsAcceptRequest
FightSpectatePlayerRequest	Com.Ankama.Dofus.Server.Game.Protocol.Fight.Preparation.FightSpectatePlayerRequest
TimelineRefreshEvent	Com.Ankama.Dofus.Server.Game.Protocol.Fight.TimelineRefreshEvent
EntitySpawnInformation	Com.Ankama.Dofus.Server.Game.Protocol.Game.Action.EntitySpawnInformation
GameActionFightCastRequest	Com.Ankama.Dofus.Server.Game.Protocol.Game.Action.GameActionFightCastRequest
GameActionFightEvent	Com.Ankama.Dofus.Server.Game.Protocol.Game.Action.GameActionFightEvent
GameActionItemConsumeRequest	Com.Ankama.Dofus.Server.Game.Protocol.Game.Action.GameActionItemConsumeRequest
GameActionItemListEvent	Com.Ankama.Dofus.Server.Game.Protocol.Game.Action.GameActionItemListEvent
GameActionUpdateEffectTriggerCountEvent	Com.Ankama.Dofus.Server.Game.Protocol.Game.Action.GameActionUpdateEffectTriggerCountEvent
ColoredCell	Com.Ankama.Dofus.Server.Game.Protocol.Gamemap.ColoredCell
GameRolePlayShowActorsEvent	Com.Ankama.Dofus.Server.Game.Protocol.Gamemap.GameRolePlayShowActorsEvent
GuildHallAvailableThemesRefreshEvent	Com.Ankama.Dofus.Server.Game.Protocol.Gamemap.GuildHallAvailableThemesRefreshEvent
MapComplementaryHavenBagInformation	Com.Ankama.Dofus.Server.Game.Protocol.Gamemap.MapComplementaryHavenBagInformation
MapCurrentEvent	Com.Ankama.Dofus.Server.Game.Protocol.Gamemap.MapCurrentEvent
MapCurrentInstanceEvent	Com.Ankama.Dofus.Server.Game.Protocol.Gamemap.MapCurrentInstanceEvent
MapErrorNotFoundRequest	Com.Ankama.Dofus.Server.Game.Protocol.Gamemap.MapErrorNotFoundRequest
MapMovementConfirmRequest	Com.Ankama.Dofus.Server.Game.Protocol.Gamemap.MapMovementConfirmRequest
MapMovementConfirmResponse	Com.Ankama.Dofus.Server.Game.Protocol.Gamemap.MapMovementConfirmResponse
MapMovementEvent	Com.Ankama.Dofus.Server.Game.Protocol.Gamemap.MapMovementEvent
MapObstacle	Com.Ankama.Dofus.Server.Game.Protocol.Gamemap.MapObstacle
MapRunningFightStopListeningRequest	Com.Ankama.Dofus.Server.Game.Protocol.Gamemap.MapRunningFightStopListeningRequest
MyGuildHall	Com.Ankama.Dofus.Server.Game.Protocol.Gamemap.MyGuildHall
OtherGuildHall	Com.Ankama.Dofus.Server.Game.Protocol.Gamemap.OtherGuildHall
FreeBlacklistedPlayerResponse	Com.Ankama.Dofus.Server.Game.Protocol.Group.Search.FreeBlacklistedPlayerResponse
LobbyApplyAnswerResponse	Com.Ankama.Dofus.Server.Game.Protocol.Group.Search.LobbyApplyAnswerResponse
LobbyApplyReceivedEvent	Com.Ankama.Dofus.Server.Game.Protocol.Group.Search.LobbyApplyReceivedEvent
LobbyApplyResponse	Com.Ankama.Dofus.Server.Game.Protocol.Group.Search.LobbyApplyResponse
LobbyBlacklistFreeEvent	Com.Ankama.Dofus.Server.Game.Protocol.Group.Search.LobbyBlacklistFreeEvent
LobbyDeletionResponse	Com.Ankama.Dofus.Server.Game.Protocol.Group.Search.LobbyDeletionResponse
LobbyEditionRequest	Com.Ankama.Dofus.Server.Game.Protocol.Group.Search.LobbyEditionRequest
LobbyFilterCardRequest	Com.Ankama.Dofus.Server.Game.Protocol.Group.Search.LobbyFilterCardRequest
LobbyFilteredCardResponse	Com.Ankama.Dofus.Server.Game.Protocol.Group.Search.LobbyFilteredCardResponse
LobbyLeaveRequest	Com.Ankama.Dofus.Server.Game.Protocol.Group.Search.LobbyLeaveRequest
LobbyLeaveResponse	Com.Ankama.Dofus.Server.Game.Protocol.Group.Search.LobbyLeaveResponse
LobbyListRequest	Com.Ankama.Dofus.Server.Game.Protocol.Group.Search.LobbyListRequest
LobbyListResponse	Com.Ankama.Dofus.Server.Game.Protocol.Group.Search.LobbyListResponse
LobbyListenStopRequest	Com.Ankama.Dofus.Server.Game.Protocol.Group.Search.LobbyListenStopRequest
LobbyMemberKickResponse	Com.Ankama.Dofus.Server.Game.Protocol.Group.Search.LobbyMemberKickResponse
OwnedLobby	Com.Ankama.Dofus.Server.Game.Protocol.Group.Search.OwnedLobby
SubscribedLobby	Com.Ankama.Dofus.Server.Game.Protocol.Group.Search.SubscribedLobby
GuildApplicationDeletedEvent	Com.Ankama.Dofus.Server.Game.Protocol.Guild.Application.GuildApplicationDeletedEvent
GuildApplicationListenRequest	Com.Ankama.Dofus.Server.Game.Protocol.Guild.Application.GuildApplicationListenRequest
GuildApplicationPlayerEvent	Com.Ankama.Dofus.Server.Game.Protocol.Guild.Application.GuildApplicationPlayerEvent
GuildApplicationUpdateRequest	Com.Ankama.Dofus.Server.Game.Protocol.Guild.Application.GuildApplicationUpdateRequest
GuildChestCurrentListenersEvent	Com.Ankama.Dofus.Server.Game.Protocol.Guild.Chest.GuildChestCurrentListenersEvent
GuildChestStructureStartListeningRequest	Com.Ankama.Dofus.Server.Game.Protocol.Guild.Chest.GuildChestStructureStartListeningRequest
GuildContributeResponse	Com.Ankama.Dofus.Server.Game.Protocol.Guild.Contribution.GuildContributeResponse
BoostItem	Com.Ankama.Dofus.Server.Game.Protocol.Guild.Hall.BoostItem
BoostState	Com.Ankama.Dofus.Server.Game.Protocol.Guild.Hall.BoostState
GuildShopOpenResponse	Com.Ankama.Dofus.Server.Game.Protocol.Guild.Hall.GuildShopOpenResponse
GuildHousesEvent	Com.Ankama.Dofus.Server.Game.Protocol.Guild.House.GuildHousesEvent
GuildCardErrorEvent	Com.Ankama.Dofus.Server.Game.Protocol.Guild.Information.GuildCardErrorEvent
GuildCreationStartedEvent	Com.Ankama.Dofus.Server.Game.Protocol.Guild.Information.GuildCreationStartedEvent
GuildInformationRequest	Com.Ankama.Dofus.Server.Game.Protocol.Guild.Information.GuildInformationRequest
GuildInvitedEvent	Com.Ankama.Dofus.Server.Game.Protocol.Guild.Information.GuildInvitedEvent
GuildJoinAutomaticallyRequest	Com.Ankama.Dofus.Server.Game.Protocol.Guild.Information.GuildJoinAutomaticallyRequest
GuildListenRequest	Com.Ankama.Dofus.Server.Game.Protocol.Guild.Information.GuildListenRequest
GuildModificationResultEvent	Com.Ankama.Dofus.Server.Game.Protocol.Guild.Information.GuildModificationResultEvent
GuildModificationValidRequest	Com.Ankama.Dofus.Server.Game.Protocol.Guild.Information.GuildModificationValidRequest
GuildMotdEvent	Com.Ankama.Dofus.Server.Game.Protocol.Guild.Information.GuildMotdEvent
GuildNoteUpdateRequest	Com.Ankama.Dofus.Server.Game.Protocol.Guild.Information.GuildNoteUpdateRequest
GuildSummaryEvent	Com.Ankama.Dofus.Server.Game.Protocol.Guild.Information.GuildSummaryEvent
GuildSummaryRequest	Com.Ankama.Dofus.Server.Game.Protocol.Guild.Information.GuildSummaryRequest
GuildMemberUpdateEvent	Com.Ankama.Dofus.Server.Game.Protocol.Guild.Member.GuildMemberUpdateEvent
GuildMissionConfigurationResponse	Com.Ankama.Dofus.Server.Game.Protocol.Guild.Mission.Configuration.GuildMissionConfigurationResponse
GuildMissionConfigurationUpdateRequest	Com.Ankama.Dofus.Server.Game.Protocol.Guild.Mission.Configuration.GuildMissionConfigurationUpdateRequest
GuildMissionConfigurationUpdateResponse	Com.Ankama.Dofus.Server.Game.Protocol.Guild.Mission.Configuration.GuildMissionConfigurationUpdateResponse
GuildMission	Com.Ankama.Dofus.Server.Game.Protocol.Guild.Mission.GuildMission
GuildMissionGeneratePoolRequest	Com.Ankama.Dofus.Server.Game.Protocol.Guild.Mission.GuildMissionGeneratePoolRequest
GuildMissionGeneratePoolResponse	Com.Ankama.Dofus.Server.Game.Protocol.Guild.Mission.GuildMissionGeneratePoolResponse
GuildMissionPool	Com.Ankama.Dofus.Server.Game.Protocol.Guild.Mission.GuildMissionPool
GuildMissionPoolResponse	Com.Ankama.Dofus.Server.Game.Protocol.Guild.Mission.GuildMissionPoolResponse
GuildMissionRerollRequest	Com.Ankama.Dofus.Server.Game.Protocol.Guild.Mission.GuildMissionRerollRequest
GuildMissionRerollResponse	Com.Ankama.Dofus.Server.Game.Protocol.Guild.Mission.GuildMissionRerollResponse
GuildMissionSubscribeUpdateResponse	Com.Ankama.Dofus.Server.Game.Protocol.Guild.Mission.GuildMissionSubscribeUpdateResponse
GuildMissionUpdatePoolEvent	Com.Ankama.Dofus.Server.Game.Protocol.Guild.Mission.GuildMissionUpdatePoolEvent
GuildMissionViewStartListeningRequest	Com.Ankama.Dofus.Server.Game.Protocol.Guild.Mission.View.GuildMissionViewStartListeningRequest
GuildUpdateNextWeeklyResponse	Com.Ankama.Dofus.Server.Game.Protocol.Guild.Mission.Weekly.GuildUpdateNextWeeklyResponse
GuildWeeklyResponse	Com.Ankama.Dofus.Server.Game.Protocol.Guild.Mission.Weekly.GuildWeeklyResponse
GuildWeeklyRewardsAvailableEvent	Com.Ankama.Dofus.Server.Game.Protocol.Guild.Mission.Weekly.GuildWeeklyRewardsAvailableEvent
GuildRankRemoveRequest	Com.Ankama.Dofus.Server.Game.Protocol.Guild.Rank.GuildRankRemoveRequest
GuildRanksRequest	Com.Ankama.Dofus.Server.Game.Protocol.Guild.Rank.GuildRanksRequest
GuildRecruitmentEvent	Com.Ankama.Dofus.Server.Game.Protocol.Guild.Recruitment.GuildRecruitmentEvent
GuildRecruitmentInvalidateEvent	Com.Ankama.Dofus.Server.Game.Protocol.Guild.Recruitment.GuildRecruitmentInvalidateEvent
HavenBagDailyLotteryEvent	Com.Ankama.Dofus.Server.Game.Protocol.Haven.Bag.HavenBagDailyLotteryEvent
HavenBagFurnitureOpenRequest	Com.Ankama.Dofus.Server.Game.Protocol.Haven.Bag.HavenBagFurnitureOpenRequest
HavenBagRoomUpdateEvent	Com.Ankama.Dofus.Server.Game.Protocol.Haven.Bag.HavenBagRoomUpdateEvent
HouseGuildRightsViewRequest	Com.Ankama.Dofus.Server.Game.Protocol.House.HouseGuildRightsViewRequest
HouseSellingUpdateEvent	Com.Ankama.Dofus.Server.Game.Protocol.House.HouseSellingUpdateEvent
HousesToSellEvent	Com.Ankama.Dofus.Server.Game.Protocol.House.HousesToSellEvent
Bundle	Com.Ankama.Dofus.Server.Game.Protocol.Infinite.Dream.Bundle
CharacterInformation	Com.Ankama.Dofus.Server.Game.Protocol.Infinite.Dream.CharacterInformation
InfiniteDreamBuyRequest	Com.Ankama.Dofus.Server.Game.Protocol.Infinite.Dream.InfiniteDreamBuyRequest
InfiniteDreamBuyResponse	Com.Ankama.Dofus.Server.Game.Protocol.Infinite.Dream.InfiniteDreamBuyResponse
InfiniteDreamDropTableRequest	Com.Ankama.Dofus.Server.Game.Protocol.Infinite.Dream.InfiniteDreamDropTableRequest
InfiniteDreamDropTableResponse	Com.Ankama.Dofus.Server.Game.Protocol.Infinite.Dream.InfiniteDreamDropTableResponse
InfiniteDreamEndEvent	Com.Ankama.Dofus.Server.Game.Protocol.Infinite.Dream.InfiniteDreamEndEvent
InfiniteDreamEnterRequest	Com.Ankama.Dofus.Server.Game.Protocol.Infinite.Dream.InfiniteDreamEnterRequest
InfiniteDreamEnterResponse	Com.Ankama.Dofus.Server.Game.Protocol.Infinite.Dream.InfiniteDreamEnterResponse
InfiniteDreamInformationEvent	Com.Ankama.Dofus.Server.Game.Protocol.Infinite.Dream.InfiniteDreamInformationEvent
InfiniteDreamOpenHUBEvent	Com.Ankama.Dofus.Server.Game.Protocol.Infinite.Dream.InfiniteDreamOpenHUBEvent
InfiniteDreamVisibleMap	Com.Ankama.Dofus.Server.Game.Protocol.Infinite.Dream.InfiniteDreamVisibleMap
InteractiveElementUpdatedEvent	Com.Ankama.Dofus.Server.Game.Protocol.Interactive.Element.InteractiveElementUpdatedEvent
InteractiveUseEndedEvent	Com.Ankama.Dofus.Server.Game.Protocol.Interactive.Element.InteractiveUseEndedEvent
InventoryContentEvent	Com.Ankama.Dofus.Server.Game.Protocol.Inventory.InventoryContentEvent
ObjectAveragePricesEvent	Com.Ankama.Dofus.Server.Game.Protocol.Inventory.ObjectAveragePricesEvent
ObjectAveragePricesHistoryEvent	Com.Ankama.Dofus.Server.Game.Protocol.Inventory.ObjectAveragePricesHistoryEvent
ObjectAveragePricesHistoryRequest	Com.Ankama.Dofus.Server.Game.Protocol.Inventory.ObjectAveragePricesHistoryRequest
ObjectFavoriteRequest	Com.Ankama.Dofus.Server.Game.Protocol.Inventory.ObjectFavoriteRequest
ObjectModifiedEvent	Com.Ankama.Dofus.Server.Game.Protocol.Inventory.ObjectModifiedEvent
ObjectUseRequest	Com.Ankama.Dofus.Server.Game.Protocol.Inventory.ObjectUseRequest
ObjectsQuantityEvent	Com.Ankama.Dofus.Server.Game.Protocol.Inventory.ObjectsQuantityEvent
ShortcutBarAddRequest	Com.Ankama.Dofus.Server.Game.Protocol.Inventory.ShortcutBarAddRequest
ShortcutBarReplacedEvent	Com.Ankama.Dofus.Server.Game.Protocol.Inventory.ShortcutBarReplacedEvent
StorageKamasUpdateEvent	Com.Ankama.Dofus.Server.Game.Protocol.Inventory.StorageKamasUpdateEvent
StorageObjectsRemovedEvent	Com.Ankama.Dofus.Server.Game.Protocol.Inventory.StorageObjectsRemovedEvent
JobBookSubscriptionEvent	Com.Ankama.Dofus.Server.Game.Protocol.Job.JobBookSubscriptionEvent
JobCrafterDirectoryJobInformation	Com.Ankama.Dofus.Server.Game.Protocol.Job.JobCrafterDirectoryJobInformation
JobCrafterDirectoryRemoveEvent	Com.Ankama.Dofus.Server.Game.Protocol.Job.JobCrafterDirectoryRemoveEvent
JobCrafterDirectorySettingsEvent	Com.Ankama.Dofus.Server.Game.Protocol.Job.JobCrafterDirectorySettingsEvent
JobDescription	Com.Ankama.Dofus.Server.Game.Protocol.Job.JobDescription
JobLevelUpEvent	Com.Ankama.Dofus.Server.Game.Protocol.Job.JobLevelUpEvent
JobMultiCraftStateEvent	Com.Ankama.Dofus.Server.Game.Protocol.Job.JobMultiCraftStateEvent
LadderAchievementCurrentRequest	Com.Ankama.Dofus.Server.Game.Protocol.Ladder.Achievement.LadderAchievementCurrentRequest
LadderDreamCurrentRequest	Com.Ankama.Dofus.Server.Game.Protocol.Ladder.Dream.LadderDreamCurrentRequest
LadderExperienceSearchResponse	Com.Ankama.Dofus.Server.Game.Protocol.Ladder.Experience.LadderExperienceSearchResponse
PopupScoreConfirmEvent	Com.Ankama.Dofus.Server.Game.Protocol.Ladder.PopupScoreConfirmEvent
PopupWarningCloseRequest	Com.Ankama.Dofus.Server.Game.Protocol.Moderation.PopupWarningCloseRequest
NpcDialogCreationEvent	Com.Ankama.Dofus.Server.Game.Protocol.Npc.NpcDialogCreationEvent
NpcDialogQuestionEvent	Com.Ankama.Dofus.Server.Game.Protocol.Npc.NpcDialogQuestionEvent
NpcDialogReplyRequest	Com.Ankama.Dofus.Server.Game.Protocol.Npc.NpcDialogReplyRequest
NpcGenericActionFailureEvent	Com.Ankama.Dofus.Server.Game.Protocol.Npc.NpcGenericActionFailureEvent
NpcsMapQuestStatusUpdateEvent	Com.Ankama.Dofus.Server.Game.Protocol.Npc.NpcsMapQuestStatusUpdateEvent
AutoFollowActivationResponse	Com.Ankama.Dofus.Server.Game.Protocol.Party.AutoFollowActivationResponse
AutoFollowDeactivationResponse	Com.Ankama.Dofus.Server.Game.Protocol.Party.AutoFollowDeactivationResponse
FightAutoJoinActivationRequest	Com.Ankama.Dofus.Server.Game.Protocol.Party.FightAutoJoinActivationRequest
FightAutoJoinActivationResponse	Com.Ankama.Dofus.Server.Game.Protocol.Party.FightAutoJoinActivationResponse
FightAutoJoinDeactivatedResponse	Com.Ankama.Dofus.Server.Game.Protocol.Party.FightAutoJoinDeactivatedResponse
FightAutoJoinDeactivationRequest	Com.Ankama.Dofus.Server.Game.Protocol.Party.FightAutoJoinDeactivationRequest
FightAutoReadyActivationRequest	Com.Ankama.Dofus.Server.Game.Protocol.Party.FightAutoReadyActivationRequest
FightAutoReadyActivationResponse	Com.Ankama.Dofus.Server.Game.Protocol.Party.FightAutoReadyActivationResponse
FightAutoReadyDeactivationResponse	Com.Ankama.Dofus.Server.Game.Protocol.Party.FightAutoReadyDeactivationResponse
PartyAbdicateThroneRequest	Com.Ankama.Dofus.Server.Game.Protocol.Party.PartyAbdicateThroneRequest
PartyDeletedEvent	Com.Ankama.Dofus.Server.Game.Protocol.Party.PartyDeletedEvent
PartyInvitationDetailsRequest	Com.Ankama.Dofus.Server.Game.Protocol.Party.PartyInvitationDetailsRequest
PartyInvitationRefuseRequest	Com.Ankama.Dofus.Server.Game.Protocol.Party.PartyInvitationRefuseRequest
PartyJoinErrorEvent	Com.Ankama.Dofus.Server.Game.Protocol.Party.PartyJoinErrorEvent
PartyJoinEvent	Com.Ankama.Dofus.Server.Game.Protocol.Party.PartyJoinEvent
PartyKickEndedEvent	Com.Ankama.Dofus.Server.Game.Protocol.Party.PartyKickEndedEvent
PartyNameSetErrorEvent	Com.Ankama.Dofus.Server.Game.Protocol.Party.PartyNameSetErrorEvent
PartyNewMemberEvent	Com.Ankama.Dofus.Server.Game.Protocol.Party.PartyNewMemberEvent
PartyPledgeLoyaltyRequest	Com.Ankama.Dofus.Server.Game.Protocol.Party.PartyPledgeLoyaltyRequest
CellPingEvent	Com.Ankama.Dofus.Server.Game.Protocol.Ping.CellPingEvent
FightPingCellRemoveRequest	Com.Ankama.Dofus.Server.Game.Protocol.Ping.FightPingCellRemoveRequest
FightPingsEvent	Com.Ankama.Dofus.Server.Game.Protocol.Ping.FightPingsEvent
CharacterPresetCreateResponse	Com.Ankama.Dofus.Server.Game.Protocol.Preset.CharacterPresetCreateResponse
CharacterPresetInfoResponse	Com.Ankama.Dofus.Server.Game.Protocol.Preset.CharacterPresetInfoResponse
CharacterPresetSetResponse	Com.Ankama.Dofus.Server.Game.Protocol.Preset.CharacterPresetSetResponse
ForgettableSpellPresetCreateResponse	Com.Ankama.Dofus.Server.Game.Protocol.Preset.ForgettableSpellPresetCreateResponse
ForgettableSpellPresetResetRequest	Com.Ankama.Dofus.Server.Game.Protocol.Preset.ForgettableSpellPresetResetRequest
ForgettableSpellPresetResetResponse	Com.Ankama.Dofus.Server.Game.Protocol.Preset.ForgettableSpellPresetResetResponse
ForgettableSpellPresetSetRequest	Com.Ankama.Dofus.Server.Game.Protocol.Preset.ForgettableSpellPresetSetRequest
PresetEquipmentUpdateRequest	Com.Ankama.Dofus.Server.Game.Protocol.Preset.PresetEquipmentUpdateRequest
PresetEquipmentUpdateResponse	Com.Ankama.Dofus.Server.Game.Protocol.Preset.PresetEquipmentUpdateResponse
PresetLook	Com.Ankama.Dofus.Server.Game.Protocol.Preset.PresetLook
PresetOrigin	Com.Ankama.Dofus.Server.Game.Protocol.Preset.PresetOrigin
PresetRenameRequest	Com.Ankama.Dofus.Server.Game.Protocol.Preset.PresetRenameRequest
PresetRenameResponse	Com.Ankama.Dofus.Server.Game.Protocol.Preset.PresetRenameResponse
PresetSetFavoriteResponse	Com.Ankama.Dofus.Server.Game.Protocol.Preset.PresetSetFavoriteResponse
PresetSpellUpdateRequest	Com.Ankama.Dofus.Server.Game.Protocol.Preset.PresetSpellUpdateRequest
PresetStatUpdateResponse	Com.Ankama.Dofus.Server.Game.Protocol.Preset.PresetStatUpdateResponse
PresetSymbolUpdateResponse	Com.Ankama.Dofus.Server.Game.Protocol.Preset.PresetSymbolUpdateResponse
PresetUseResponse	Com.Ankama.Dofus.Server.Game.Protocol.Preset.PresetUseResponse
PrismAttackResultEvent	Com.Ankama.Dofus.Server.Game.Protocol.Prism.PrismAttackResultEvent
PrismTeleportationRequest	Com.Ankama.Dofus.Server.Game.Protocol.Prism.PrismTeleportationRequest
QuestActive	Com.Ankama.Dofus.Server.Game.Protocol.Quest.QuestActive
QuestStepInformationRequest	Com.Ankama.Dofus.Server.Game.Protocol.Quest.QuestStepInformationRequest
QuestStepValidatedEvent	Com.Ankama.Dofus.Server.Game.Protocol.Quest.QuestStepValidatedEvent
QuestsEvent	Com.Ankama.Dofus.Server.Game.Protocol.Quest.QuestsEvent
GuildRaidShowResponse	Com.Ankama.Dofus.Server.Game.Protocol.Raid.GuildRaidShowResponse
OptionalPlayerInformation	Com.Ankama.Dofus.Server.Game.Protocol.Raid.OptionalPlayerInformation
PlayerRaidShowAndListenResponse	Com.Ankama.Dofus.Server.Game.Protocol.Raid.PlayerRaidShowAndListenResponse
RaidClaimRewardResponse	Com.Ankama.Dofus.Server.Game.Protocol.Raid.RaidClaimRewardResponse
RaidInvitationAnswerResponse	Com.Ankama.Dofus.Server.Game.Protocol.Raid.RaidInvitationAnswerResponse
RaidInvitationEvent	Com.Ankama.Dofus.Server.Game.Protocol.Raid.RaidInvitationEvent
RaidInvitationResponse	Com.Ankama.Dofus.Server.Game.Protocol.Raid.RaidInvitationResponse
RaidJoinResponse	Com.Ankama.Dofus.Server.Game.Protocol.Raid.RaidJoinResponse
RaidLeaveRequest	Com.Ankama.Dofus.Server.Game.Protocol.Raid.RaidLeaveRequest
RaidLeaveResponse	Com.Ankama.Dofus.Server.Game.Protocol.Raid.RaidLeaveResponse
RaidMoveGroupResponse	Com.Ankama.Dofus.Server.Game.Protocol.Raid.RaidMoveGroupResponse
RaidNote	Com.Ankama.Dofus.Server.Game.Protocol.Raid.RaidNote
RaidParticipant	Com.Ankama.Dofus.Server.Game.Protocol.Raid.RaidParticipant
RaidPendingRewardEvent	Com.Ankama.Dofus.Server.Game.Protocol.Raid.RaidPendingRewardEvent
RaidPurchaseResponse	Com.Ankama.Dofus.Server.Game.Protocol.Raid.RaidPurchaseResponse
RaidPurchasedEvent	Com.Ankama.Dofus.Server.Game.Protocol.Raid.RaidPurchasedEvent
RaidRemoveParticipantResponse	Com.Ankama.Dofus.Server.Game.Protocol.Raid.RaidRemoveParticipantResponse
RaidRemovePlayerFromBlockListResponse	Com.Ankama.Dofus.Server.Game.Protocol.Raid.RaidRemovePlayerFromBlockListResponse
RaidStartAnswerResponse	Com.Ankama.Dofus.Server.Game.Protocol.Raid.RaidStartAnswerResponse
RaidStartCanceledEvent	Com.Ankama.Dofus.Server.Game.Protocol.Raid.RaidStartCanceledEvent
RaidStartRequest	Com.Ankama.Dofus.Server.Game.Protocol.Raid.RaidStartRequest
RaidStartResponse	Com.Ankama.Dofus.Server.Game.Protocol.Raid.RaidStartResponse
RaidUpdateCaptainResponse	Com.Ankama.Dofus.Server.Game.Protocol.Raid.RaidUpdateCaptainResponse
RaidUpdateDescriptionResponse	Com.Ankama.Dofus.Server.Game.Protocol.Raid.RaidUpdateDescriptionResponse
RunningRaid	Com.Ankama.Dofus.Server.Game.Protocol.Raid.RunningRaid
RunningRaidFinishResponse	Com.Ankama.Dofus.Server.Game.Protocol.Raid.RunningRaidFinishResponse
RunningRaidFinishedEvent	Com.Ankama.Dofus.Server.Game.Protocol.Raid.RunningRaidFinishedEvent
RunningRaidLeaveRequest	Com.Ankama.Dofus.Server.Game.Protocol.Raid.RunningRaidLeaveRequest
RunningRaidLeaveResponse	Com.Ankama.Dofus.Server.Game.Protocol.Raid.RunningRaidLeaveResponse
RunningRaidParticipantStateUpdatedEvent	Com.Ankama.Dofus.Server.Game.Protocol.Raid.RunningRaidParticipantStateUpdatedEvent
RunningRaidRestartRequest	Com.Ankama.Dofus.Server.Game.Protocol.Raid.RunningRaidRestartRequest
RunningRaidRestartResponse	Com.Ankama.Dofus.Server.Game.Protocol.Raid.RunningRaidRestartResponse
RunningRaidRestartedEvent	Com.Ankama.Dofus.Server.Game.Protocol.Raid.RunningRaidRestartedEvent
RunningRaidState	Com.Ankama.Dofus.Server.Game.Protocol.Raid.RunningRaidState
RunningRaidUpdateCaptainResponse	Com.Ankama.Dofus.Server.Game.Protocol.Raid.RunningRaidUpdateCaptainResponse
RunningRaidUpdatedEvent	Com.Ankama.Dofus.Server.Game.Protocol.Raid.RunningRaidUpdatedEvent
ShowAndListenRaidLadderResponse	Com.Ankama.Dofus.Server.Game.Protocol.Raid.ShowAndListenRaidLadderResponse
ShowAndListenRunningRaidResponse	Com.Ankama.Dofus.Server.Game.Protocol.Raid.ShowAndListenRunningRaidResponse
StopListeningRunningRaidRequest	Com.Ankama.Dofus.Server.Game.Protocol.Raid.StopListeningRunningRaidRequest
ReportRequest	Com.Ankama.Dofus.Server.Game.Protocol.Report.ReportRequest
ReportResponse	Com.Ankama.Dofus.Server.Game.Protocol.Report.ReportResponse
ActivatePaddockGaugeResponse	Com.Ankama.Dofus.Server.Game.Protocol.Ride.ActivatePaddockGaugeResponse
AddRidesFromItemRequest	Com.Ankama.Dofus.Server.Game.Protocol.Ride.AddRidesFromItemRequest
AddRidesFromItemResponse	Com.Ankama.Dofus.Server.Game.Protocol.Ride.AddRidesFromItemResponse
ApplyPaddockGaugeBoostResponse	Com.Ankama.Dofus.Server.Game.Protocol.Ride.ApplyPaddockGaugeBoostResponse
BreedRideRequest	Com.Ankama.Dofus.Server.Game.Protocol.Ride.BreedRideRequest
BreedRideResponse	Com.Ankama.Dofus.Server.Game.Protocol.Ride.BreedRideResponse
BreedRideSimulationResponse	Com.Ankama.Dofus.Server.Game.Protocol.Ride.BreedRideSimulationResponse
CloneRidesResponse	Com.Ankama.Dofus.Server.Game.Protocol.Ride.CloneRidesResponse
DeactivatePaddockGaugeResponse	Com.Ankama.Dofus.Server.Game.Protocol.Ride.DeactivatePaddockGaugeResponse
ExtractRidesResponse	Com.Ankama.Dofus.Server.Game.Protocol.Ride.ExtractRidesResponse
GetRidesAsItemResponse	Com.Ankama.Dofus.Server.Game.Protocol.Ride.GetRidesAsItemResponse
GetStableRidesResponse	Com.Ankama.Dofus.Server.Game.Protocol.Ride.GetStableRidesResponse
MoveRidesRequest	Com.Ankama.Dofus.Server.Game.Protocol.Ride.MoveRidesRequest
MoveRidesResponse	Com.Ankama.Dofus.Server.Game.Protocol.Ride.MoveRidesResponse
PaddockAccessibilityRequest	Com.Ankama.Dofus.Server.Game.Protocol.Ride.PaddockAccessibilityRequest
PaddockAccessibilityUpdateEvent	Com.Ankama.Dofus.Server.Game.Protocol.Ride.PaddockAccessibilityUpdateEvent
PaddockOpenRequest	Com.Ankama.Dofus.Server.Game.Protocol.Ride.PaddockOpenRequest
PaddockOpenResponse	Com.Ankama.Dofus.Server.Game.Protocol.Ride.PaddockOpenResponse
Ride	Com.Ankama.Dofus.Server.Game.Protocol.Ride.Ride
RideRefreshEvent	Com.Ankama.Dofus.Server.Game.Protocol.Ride.RideRefreshEvent
RideRenameResponse	Com.Ankama.Dofus.Server.Game.Protocol.Ride.RideRenameResponse
SimulatePaddockGaugeBoostRequest	Com.Ankama.Dofus.Server.Game.Protocol.Ride.SimulatePaddockGaugeBoostRequest
SimulatePaddockGaugeBoostResponse	Com.Ankama.Dofus.Server.Game.Protocol.Ride.SimulatePaddockGaugeBoostResponse
MonsterAngryAtPlayerEvent	Com.Ankama.Dofus.Server.Game.Protocol.Roleplay.MonsterAngryAtPlayerEvent
ShowChallengeEvent	Com.Ankama.Dofus.Server.Game.Protocol.Roleplay.ShowChallengeEvent
MoodUpdateEvent	Com.Ankama.Dofus.Server.Game.Protocol.Social.MoodUpdateEvent
PlayersMapAttackableStatusUpdateEvent	Com.Ankama.Dofus.Server.Game.Protocol.Social.PlayersMapAttackableStatusUpdateEvent
SetMoodEvent	Com.Ankama.Dofus.Server.Game.Protocol.Social.SetMoodEvent
SetMoodRequest	Com.Ankama.Dofus.Server.Game.Protocol.Social.SetMoodRequest
SpouseInformationEvent	Com.Ankama.Dofus.Server.Game.Protocol.Social.SpouseInformationEvent
ForgettableSpellActionRequest	Com.Ankama.Dofus.Server.Game.Protocol.Spell.ForgettableSpellActionRequest
ForgettableSpellDeletionEvent	Com.Ankama.Dofus.Server.Game.Protocol.Spell.ForgettableSpellDeletionEvent
ForgettableSpellsEvent	Com.Ankama.Dofus.Server.Game.Protocol.Spell.ForgettableSpellsEvent
RemoveSpellModifierEvent	Com.Ankama.Dofus.Server.Game.Protocol.Spell.RemoveSpellModifierEvent
SpellItem	Com.Ankama.Dofus.Server.Game.Protocol.Spell.SpellItem
SpellVariantActivationEvent	Com.Ankama.Dofus.Server.Game.Protocol.Spell.SpellVariantActivationEvent
AddTagStorageResponse	Com.Ankama.Dofus.Server.Game.Protocol.Tag.Storage.AddTagStorageResponse
RemoveTagObjectResponse	Com.Ankama.Dofus.Server.Game.Protocol.Tag.Storage.RemoveTagObjectResponse
TagStoragesRefreshEvent	Com.Ankama.Dofus.Server.Game.Protocol.Tag.Storage.TagStoragesRefreshEvent
TaxCollectorAttackResultEvent	Com.Ankama.Dofus.Server.Game.Protocol.Taxcollector.TaxCollectorAttackResultEvent
TaxCollectorEquipmentUpdateEvent	Com.Ankama.Dofus.Server.Game.Protocol.Taxcollector.TaxCollectorEquipmentUpdateEvent
TaxCollectorErrorEvent	Com.Ankama.Dofus.Server.Game.Protocol.Taxcollector.TaxCollectorErrorEvent
TaxCollectorHarvestedEvent	Com.Ankama.Dofus.Server.Game.Protocol.Taxcollector.TaxCollectorHarvestedEvent
TaxCollectorMovement	Com.Ankama.Dofus.Server.Game.Protocol.Taxcollector.TaxCollectorMovement
TaxCollectorPresetSpellAddRequest	Com.Ankama.Dofus.Server.Game.Protocol.Taxcollector.TaxCollectorPresetSpellAddRequest
TaxCollectorPresetSpellMoveRequest	Com.Ankama.Dofus.Server.Game.Protocol.Taxcollector.TaxCollectorPresetSpellMoveRequest
TaxCollectorPresetSpellUpdatedEvent	Com.Ankama.Dofus.Server.Game.Protocol.Taxcollector.TaxCollectorPresetSpellUpdatedEvent
TaxCollectorPresetsUpdatesListenStopRequest	Com.Ankama.Dofus.Server.Game.Protocol.Taxcollector.TaxCollectorPresetsUpdatesListenStopRequest
TaxCollectorTopListEvent	Com.Ankama.Dofus.Server.Game.Protocol.Taxcollector.TaxCollectorTopListEvent
TaxCollectorUpdatesListeningConfirmationEvent	Com.Ankama.Dofus.Server.Game.Protocol.Taxcollector.TaxCollectorUpdatesListeningConfirmationEvent
TeleportBuddiesAnswerRequest	Com.Ankama.Dofus.Server.Game.Protocol.Teleportation.TeleportBuddiesAnswerRequest
TeleportDestination	Com.Ankama.Dofus.Server.Game.Protocol.Teleportation.TeleportDestination
TeleportDestinationsEvent	Com.Ankama.Dofus.Server.Game.Protocol.Teleportation.TeleportDestinationsEvent
OrnamentLostEvent	Com.Ankama.Dofus.Server.Game.Protocol.Tinsel.OrnamentLostEvent
TreasureHuntAnswerEvent	Com.Ankama.Dofus.Server.Game.Protocol.Treasure.Hunt.TreasureHuntAnswerEvent
TreasureHuntDigAnswerEvent	Com.Ankama.Dofus.Server.Game.Protocol.Treasure.Hunt.TreasureHuntDigAnswerEvent
TreasureHuntEvent	Com.Ankama.Dofus.Server.Game.Protocol.Treasure.Hunt.TreasureHuntEvent
TreasureHuntFinishedEvent	Com.Ankama.Dofus.Server.Game.Protocol.Treasure.Hunt.TreasureHuntFinishedEvent
TreasureHuntFlagAnswerEvent	Com.Ankama.Dofus.Server.Game.Protocol.Treasure.Hunt.TreasureHuntFlagAnswerEvent
TreasureHuntLegendaryRequest	Com.Ankama.Dofus.Server.Game.Protocol.Treasure.Hunt.TreasureHuntLegendaryRequest
ClientUIOpenedEvent	Com.Ankama.Dofus.Server.Game.Protocol.Ui.ClientUIOpenedEvent
WorldEventLadderDetailsEvent	Com.Ankama.Dofus.Server.Game.Protocol.World.Event.WorldEventLadderDetailsEvent
WorldEventLadderRequest	Com.Ankama.Dofus.Server.Game.Protocol.World.Event.WorldEventLadderRequest
WorldEventLadderSearchRequest	Com.Ankama.Dofus.Server.Game.Protocol.World.Event.WorldEventLadderSearchRequest
WorldEventRewardList	Com.Ankama.Dofus.Server.Game.Protocol.World.Event.WorldEventRewardList
WorldEventRewardObject	Com.Ankama.Dofus.Server.Game.Protocol.World.Event.WorldEventRewardObject
WorldEventRewardsStopListeningRequest	Com.Ankama.Dofus.Server.Game.Protocol.World.Event.WorldEventRewardsStopListeningRequest
WorldEventTeamAlteration	Com.Ankama.Dofus.Server.Game.Protocol.World.Event.WorldEventTeamAlteration
